0;0;0;0;0;0;0;0;0;0;0;1922;1922;1922;2519;2212;2208;1949;1976;2427;1445;2025;1791;1865;1835;1338;1708;1951;1583;1713;0;0;0
0;0;0;0;0;0;0;0;0;0;0;1882;1882;1882;2160;2046;2155;1933;1841;2413;1390;1934;1710;1719;1790;1415;1573;2061;1528;1818;0;0;0
0;0;0;0;0;0;0;0;0;0;0;1985;1985;1985;2472;2677;2572;2384;2391;2744;1957;2246;1955;2146;2176;1885;1974;2347;2123;2251;0;0;0
0;0;0;0;0;42;84;22;0;0;30;113;113;113;0;0;0;0;23;0;23;0;0;201;0;209;46;0;23;0;1800;1800;1800
0;0;0;0;0;23;36;0;112;76;0;0;0;0;0;126;2347;0;0;0;238;0;189;209;2292;95;0;163;0;0;0;0;0
21;21;21;104;21;0;119;23;129;0;0;32;32;32;188;0;0;3059;0;0;26;0;349;224;0;0;25;42;0;0;0;0;0
0;0;0;21;34;0;0;0;0;37;25;0;0;0;0;0;133;0;55;27;0;0;119;23;0;0;1728;21;0;56;0;0;0
122;122;122;376;4;323;144;206;214;2200;334;206;206;206;674;86;497;46;107;115;231;207;183;136;137;128;5398;218;1358;163;409;409;409
0;0;0;0;0;42;103;194;134;0;34;0;0;0;0;0;0;0;0;0;0;2396;221;0;136;20;0;21;258;0;0;0;0
0;0;0;0;74;36;23;48;22;0;0;0;0;0;2083;25;41;114;0;0;164;0;0;0;0;0;0;0;0;145;42;42;42
163;163;163;0;0;32;0;39;144;0;0;0;0;0;0;361;0;0;0;0;0;0;0;2482;0;116;0;0;0;275;0;0;0
38;38;38;23;44;26;46;0;23;21;124;0;0;0;140;0;0;0;22;0;0;113;0;119;0;1910;0;21;28;58;0;0;0
26;26;26;43;52;0;24;0;0;0;0;117;117;117;0;0;0;32;1775;0;201;0;0;162;0;0;0;0;36;26;36;36;36
149;149;149;21;1791;96;32;24;49;26;21;0;0;0;661;0;0;0;0;0;0;0;0;0;297;0;0;0;243;0;0;0;0
163;163;163;46;0;0;0;109;0;0;285;0;0;0;0;2547;0;0;0;0;0;0;0;0;0;0;0;0;0;54;0;0;0
170;170;170;0;0;0;176;0;198;0;0;1950;1950;1950;1544;1962;2275;1933;1551;2116;1626;2045;1943;1819;1801;1751;2014;1374;1681;1298;1972;1972;1972
0;0;0;0;0;0;0;0;0;0;0;35;35;35;740;1862;290;446;656;4096;2360;4661;421;654;317;173;23;30;118;526;178;178;178
1315;1315;1315;687;759;860;442;1008;870;530;869;1407;1407;1407;1188;1717;1172;1287;543;1105;699;992;1849;971;551;1416;1276;1422;775;2228;962;962;962
97;97;97;101;0;978;0;0;0;0;0;213;213;213;23;43;3285;21;396;0;30;760;26;26;21;27;0;0;18594;533;0;0;0
542;542;542;301;1569;263;401;937;1387;859;742;1220;1220;1220;594;547;464;443;876;1420;1344;312;466;526;834;609;344;336;519;615;580;580;580
676;676;676;364;508;591;213;942;794;771;354;454;454;454;495;189;607;1003;368;303;647;254;268;345;349;734;1541;225;247;453;735;735;735
284;284;284;962;1058;323;808;406;208;655;873;725;725;725;459;874;959;279;1676;818;690;792;717;642;452;831;1789;544;278;582;363;363;363
387;387;387;206;1027;422;792;268;574;228;596;1198;1198;1198;1239;238;2400;179;2082;417;1293;871;836;1295;1370;1727;1343;1192;1312;1708;555;555;555
512;512;512;890;346;1036;705;731;486;631;474;311;311;311;138;183;151;130;1287;239;163;285;1155;412;306;74;175;132;152;437;130;130;130
395;395;395;565;423;254;211;359;957;1033;250;392;392;392;491;1340;794;1772;532;1558;1950;852;693;520;755;428;224;1036;306;1558;978;978;978
493;493;493;486;280;539;940;1264;162;1003;380;63;63;63;163;1387;784;108;113;108;20;73;35;129;93;137;1628;251;224;36;155;155;155
677;677;677;936;1014;1392;2519;967;824;2526;1042;1477;1477;1477;1362;252;308;431;500;734;508;293;594;1527;400;896;1718;336;158;529;515;515;515
383;383;383;330;436;173;1391;1047;482;231;440;45;45;45;627;88;90;33;52;47;70;79;706;741;1326;81;143;160;91;51;212;212;212
399;399;399;317;815;946;726;409;892;1081;909;761;761;761;318;340;2117;484;1901;553;281;584;1032;1673;590;803;879;905;2014;784;287;287;287
446;446;446;197;162;350;290;235;92;189;246;1123;1123;1123;650;587;597;646;371;436;404;819;171;280;521;205;368;3329;301;1173;290;290;290
864;864;864;913;358;820;798;1540;712;729;866;532;532;532;726;330;929;203;1521;1296;1448;302;195;1025;1391;382;602;584;1098;638;1073;1073;1073
1582;1582;1582;392;933;581;1677;347;338;320;1251;518;518;518;198;1613;476;399;1084;540;1485;702;1080;209;522;408;498;531;579;1138;818;818;818
883;883;883;672;1146;494;214;1242;920;468;665;261;261;261;505;224;378;536;283;263;138;694;1307;1385;373;284;472;1228;491;529;529;529;529
240;240;240;862;545;904;852;1394;461;553;888;347;347;347;91;83;267;208;67;93;1317;56;147;103;174;303;1059;50;37;84;412;412;412
646;646;646;678;654;1322;476;2742;4003;876;930;258;258;258;1278;859;1443;2399;1083;303;679;667;569;402;960;929;568;738;623;206;492;492;492
519;519;519;647;579;882;788;518;569;1172;626;463;463;463;588;577;414;320;801;1747;527;461;691;518;1641;483;795;1368;839;909;245;245;245
532;532;532;121;413;310;890;634;496;345;478;155;155;155;185;118;110;111;1263;24;45;232;361;36;58;68;34;75;379;69;263;263;263
672;672;672;720;659;242;803;1023;545;809;250;1810;1810;1810;496;597;287;506;880;1176;1351;303;493;1675;676;265;206;804;1022;769;1443;1443;1443
1281;1281;1281;335;700;813;398;552;751;1567;982;718;718;718;878;238;785;424;378;642;670;265;412;1301;442;198;477;1017;223;640;756;756;756
749;749;749;419;613;641;600;711;495;890;1290;1457;1457;1457;212;424;470;556;1749;552;567;213;499;168;1238;377;887;324;449;1486;743;743;743
807;807;807;219;1494;495;398;840;478;997;1519;187;187;187;261;237;147;391;344;392;232;1360;472;587;354;600;1349;430;154;1200;708;708;708
745;745;745;167;983;1251;286;1178;474;318;684;311;311;311;312;141;580;826;177;261;120;270;333;332;633;376;196;174;695;123;470;470;470
320;320;320;446;951;965;623;318;226;854;577;1054;1054;1054;310;449;1266;385;317;513;584;1352;1583;675;636;646;4951;372;1289;426;867;867;867
580;580;580;331;190;146;784;306;416;728;481;870;870;870;222;51;95;127;46;66;1024;52;162;25;113;174;134;214;142;216;406;406;406
158;158;158;153;159;458;408;189;307;369;325;610;610;610;297;508;181;813;179;459;212;312;3087;395;287;573;379;1088;134;770;285;285;285
555;555;555;1056;208;434;462;404;776;382;759;976;976;976;1772;216;346;273;974;1187;911;843;822;222;1019;810;749;1506;220;1043;219;219;219
1469;1469;1469;957;340;487;550;627;1204;873;709;957;957;957;814;988;625;703;381;668;1546;551;1414;1148;643;490;954;346;1197;339;475;475;475
1060;1060;1060;152;157;233;717;871;604;525;732;66;66;66;361;54;398;134;99;134;160;86;574;187;183;24;127;24;1120;253;1582;1582;1582
430;430;430;499;428;557;646;655;898;712;1181;386;386;386;816;155;318;1731;496;157;353;266;1184;164;551;308;190;215;247;284;354;354;354
624;624;624;564;877;427;667;1091;360;1092;376;504;504;504;1497;538;717;510;494;602;212;1101;505;1395;460;3987;492;179;340;514;1139;1139;1139
597;597;597;249;805;706;576;599;326;223;408;476;476;476;948;808;2001;668;928;383;437;743;345;832;221;554;1753;501;479;641;553;553;553
1083;1083;1083;581;1076;546;712;1271;747;233;1167;359;359;359;647;392;402;1273;416;440;982;1142;965;872;375;242;516;1146;579;619;347;347;347
544;544;544;1191;901;452;702;577;548;1479;353;431;431;431;1010;448;1570;437;819;582;351;454;338;610;391;145;2004;563;363;163;476;476;476
822;822;822;2125;669;335;469;393;814;633;364;616;616;616;1315;571;171;467;158;669;218;975;490;1104;364;423;1121;379;1167;450;626;626;626
409;409;409;595;704;861;1043;418;895;1252;828;854;854;854;330;269;457;423;228;430;461;537;404;234;491;230;1293;567;1618;211;522;522;522
427;427;427;934;650;916;322;1399;293;675;352;408;408;408;406;237;584;639;995;173;916;5854;1722;1000;1314;693;739;786;2192;559;438;438;438
375;375;375;387;393;496;893;455;979;446;448;441;441;441;728;435;589;353;658;248;649;1214;243;393;715;878;735;769;292;378;438;438;438
331;331;331;379;589;391;1140;851;1965;1215;1077;55;55;55;197;159;198;192;74;46;160;137;76;38;114;489;102;1192;238;125;466;466;466
350;350;350;773;401;3433;539;522;269;427;411;861;861;861;309;409;390;385;1032;517;402;574;963;199;204;1148;309;645;334;552;584;584;584
1124;1124;1124;665;665;1472;467;187;721;88;712;1125;1125;1125;59;25;122;192;104;47;96;121;150;171;230;84;193;99;191;73;306;306;306
1317;1317;1317;1790;629;1074;608;555;954;1285;504;1653;1653;1653;299;101;455;951;156;269;239;568;526;284;845;394;193;358;326;691;234;234;234
514;514;514;730;486;625;361;1225;642;623;1274;255;255;255;318;291;283;166;135;499;284;65;230;260;199;400;899;87;116;361;311;311;311
604;604;604;1050;5198;1144;703;260;681;230;237;333;333;333;2220;414;300;77;221;526;113;433;144;1133;1565;236;84;124;1386;236;433;433;433
341;341;341;298;332;390;202;583;1133;153;431;37;37;37;82;76;91;239;76;131;265;423;119;62;161;905;79;92;162;82;116;116;116
362;362;362;717;578;278;721;367;129;378;272;769;769;769;794;1299;788;747;1076;630;616;616;867;2086;1101;401;1315;1120;1539;1723;346;346;346
945;945;945;3613;92;5326;112;33;37;176;155;0;0;0;0;0;0;0;0;0;0;0;0;0;0;0;0;0;0;0;0;0;0
0;0;0;179;1078;199;0;45;0;73;58;0;0;0;278;1299;646;535;148;275;546;445;4402;1392;283;343;215;36;1107;455;0;0;0
0;0;0;0;0;0;0;0;0;0;0;24;24;24;64;769;55;83;0;562;718;3854;56;22;21;48;0;0;30;48;0;0;0
31;31;31;342;0;33;39;117;0;143;26;281;281;281;23;0;20;56;24;0;280;22;144;27;25;5390;0;0;44;799;0;0;0
22;22;22;234;936;754;705;838;1199;5981;4606;130;130;130;4956;98;45;75;4080;102;133;5198;478;23;41;35;191;3480;84;22;818;818;818
995;995;995;220;1395;404;49;0;196;5089;2859;0;0;0;0;0;0;0;0;0;0;0;0;0;0;0;0;0;0;0;0;0;0
0;0;0;0;0;0;0;0;71;0;0;0;0;0;0;79;1399;0;0;0;137;0;133;110;1494;75;0;71;0;0;0;0;0
0;0;0;0;1178;70;0;0;0;0;0;0;0;0;290;0;0;0;0;0;0;0;0;0;109;0;0;0;108;0;0;0;0
0;0;0;87;0;0;85;0;84;0;0;0;0;0;81;0;0;2035;0;0;0;0;176;124;0;0;0;0;0;0;0;0;0
0;0;0;0;0;0;0;0;0;793;0;0;0;0;0;0;0;686;0;0;81;0;0;140;80;0;3812;83;618;0;81;81;81
0;0;0;0;87;0;0;107;99;0;0;0;0;0;1266;0;0;91;0;0;71;0;0;0;0;0;0;0;0;47;0;0;0
49;49;49;0;0;0;0;0;69;0;0;0;0;0;0;186;0;0;0;0;0;0;0;1558;0;58;0;0;0;194;0;0;0
117;117;117;0;0;62;0;0;0;0;59;0;0;0;50;0;0;0;0;0;0;105;0;73;0;1361;0;78;24;0;0;0;0
0;0;0;0;0;0;0;0;0;0;0;0;0;0;1511;267;28;27;195;140;272;872;0;44;1505;278;25;662;40;117;0;0;0
283;283;283;634;927;468;0;860;533;941;6;1876;1876;1876;1365;1440;1238;1259;5644;2028;1741;1025;4557;1700;1243;1619;905;2376;1334;1386;65;65;65
0;0;0;2756;2647;2234;2719;2907;3212;2350;2789;0;0;0;0;0;0;0;0;0;0;0;0;0;0;0;0;0;0;0;0;0;0
0;0;0;0;0;0;0;0;0;0;0;0;0;0;3123;3257;3613;2848;1265;3145;2909;3209;5047;3396;3028;2485;3026;3042;3866;3782;0;0;0
652;652;652;655;975;584;1056;382;254;1325;600;947;947;947;381;555;1996;1276;714;1129;936;377;558;374;1176;2602;516;757;1114;733;618;618;618
1262;1262;1262;823;866;1197;782;541;900;904;1308;916;916;916;312;771;486;987;2711;1266;535;1047;928;655;825;940;987;356;961;514;381;381;381
1467;1467;1467;277;745;836;1231;1618;1137;324;1855;871;871;871;460;935;552;979;767;506;1492;670;994;429;697;550;903;1320;225;670;1964;1964;1964
944;944;944;1311;944;1088;1256;534;404;847;234;222;222;222;213;535;2541;712;531;462;497;640;668;162;2671;521;202;155;259;382;123;123;123
1482;1482;1482;1319;2888;709;1372;800;516;1000;645;233;233;233;1223;846;359;309;125;369;227;433;387;516;1564;320;487;500;680;514;644;644;644
403;403;403;1269;871;1286;793;913;1500;503;346;432;432;432;2492;558;534;1283;441;428;216;623;422;1309;413;349;373;971;564;339;528;528;528
1031;1031;1031;1571;1082;1089;914;650;1338;426;700;856;856;856;726;689;846;2866;804;880;607;783;483;641;472;658;363;757;227;299;453;453;453
1991;1991;1991;464;617;3238;1326;5329;1990;1939;2183;0;0;0;0;0;0;0;0;0;0;0;0;0;0;0;0;0;0;0;0;0;0
540;540;540;1193;0;2021;112;35;139;0;60;685;685;685;0;975;0;62;0;0;0;0;126;0;0;0;0;0;353;39;0;0;0
0;0;0;0;0;0;0;0;0;0;0;359;359;359;4;1;7;232;24;25;534;71;9;8223;135;146;387;0;23;0;0;0;0
0;0;0;0;0;0;0;0;0;0;0;1601;1601;1601;3126;5341;2026;3401;1170;951;2082;5743;3795;3944;4413;3294;2803;3986;6166;4140;0;0;0
0;0;0;0;0;0;0;0;0;0;0;0;0;0;4364;3808;1941;980;1011;1847;2306;2937;30;1572;3576;655;684;1303;4171;2304;0;0;0
1814;1814;1814;2053;2842;2222;2261;1813;1537;1421;1855;0;0;0;0;0;0;0;0;0;0;0;0;0;0;0;0;0;0;0;0;0;0
0;0;0;0;0;0;0;0;0;0;0;0;0;0;2931;2841;3253;2384;1714;2010;3533;2772;368;1599;1685;2315;1695;3009;2766;302;0;0;0
1641;1641;1641;2404;2996;3263;2738;2273;2098;2647;2578;0;0;0;0;0;0;0;0;0;0;0;0;0;0;0;0;0;0;0;0;0;0
0;0;0;0;0;0;0;0;0;0;0;1962;1962;1962;836;2176;2426;3113;2435;4667;2372;2518;1115;3544;2348;4016;2508;3341;3133;1800;0;0;0
0;0;0;562;977;968;3215;997;2308;68;233;0;0;0;0;0;0;0;0;0;0;0;0;0;0;0;0;0;0;0;0;0;0
98;98;98;0;1693;68;0;0;18;820;20;1005;1005;1005;1460;1861;698;818;2163;1782;1716;683;1655;1489;1075;1889;1233;1565;1594;1448;0;0;0
1315;1315;1315;1033;1693;1607;1492;1422;1381;820;1360;1005;1005;1005;0;49;0;0;90;22;1716;6;195;0;1075;1889;1233;1565;1594;1448;0;0;0
1293;1293;1293;1505;2343;1824;1543;1212;645;1814;987;0;0;0;0;0;0;0;0;0;0;0;0;0;0;36;0;0;0;0;0;0;0
0;0;0;0;0;0;0;0;0;0;0;1933;1933;1933;1980;1880;1930;1991;2343;2287;1809;2090;1679;2138;1828;2448;1535;2149;2147;2085;0;0;0
459;459;459;373;1857;76;1348;146;1876;2859;2170;1815;1815;1815;2687;2441;2005;1431;5760;2596;3216;2166;5796;2238;1326;2013;2026;2096;2555;1842;28;28;28
1027;1027;1027;507;409;693;581;219;193;645;384;1393;1393;1393;737;791;580;327;10919;2226;711;802;6718;839;297;692;0;1781;439;379;0;0;0
0;0;0;0;0;0;0;0;0;0;0;0;0;0;3014;180;1308;196;483;1322;3053;2370;0;261;1396;0;279;1224;0;23;0;0;0
23;23;23;0;0;45;0;47;0;0;36;37;37;37;0;50;245;305;49;222;130;7;186;4517;89;8;0;0;165;0;203;203;203
0;0;0;0;0;0;0;0;0;0;0;0;0;0;2783;1553;3129;1001;1727;2203;3444;2707;153;747;2670;1265;1619;2874;2001;101;0;0;0
1763;1763;1763;1667;2457;2174;1954;1726;1372;1359;2043;0;0;0;0;0;0;0;0;0;0;0;0;0;0;0;0;0;0;0;0;0;0
1656;1656;1656;493;6828;5108;9741;5133;5401;5023;5273;643;643;643;334;137;618;861;776;1244;718;84;84;22;56;0;0;0;21;143;0;0;0
0;0;0;0;0;0;70;0;0;0;0;289;289;289;255;923;1591;2587;411;3053;381;662;245;612;418;2611;102;248;219;714;0;0;0
0;0;0;0;0;0;0;0;0;0;0;1474;1474;1474;2326;1487;1588;2183;822;696;2832;1909;2220;2025;580;2188;1055;2281;2400;1848;0;0;0
1758;1758;1758;2235;2502;2572;2252;1942;1650;943;2061;0;0;0;0;0;0;0;0;0;0;0;0;0;0;0;0;0;0;0;0;0;0
570;570;570;0;1338;550;691;461;1202;5149;3687;1733;1733;1733;3227;3132;2195;2759;2391;1866;4502;3348;2931;2412;1201;2341;3893;2045;3029;2063;1970;1970;1970
0;0;0;134;542;4156;2229;212;4660;95;0;0;0;0;0;0;0;0;0;0;0;0;0;0;0;0;0;0;0;0;0;0;0
0;0;0;0;0;0;0;0;0;0;0;0;0;0;2842;1560;2039;1732;1601;2518;3006;1349;0;616;3215;1303;1079;2232;508;1010;0;0;0
1597;1597;1597;1831;3719;3046;3657;2892;3280;2664;2960;23;23;23;0;0;0;0;0;0;0;0;0;0;0;0;0;0;0;0;0;0;0
65;65;65;156;754;2962;276;0;0;52;0;0;0;0;23;0;0;0;21;21;0;0;23;0;0;0;21;0;0;21;0;0;0
0;0;0;0;0;0;0;0;0;0;0;0;0;0;10412;10462;11410;8573;8727;10119;9897;9562;14746;11348;10302;11690;10423;9417;11508;11145;0;0;0
0;0;0;5049;5580;4485;5406;4990;5483;4037;5027;0;0;0;0;0;0;0;0;0;0;0;0;0;0;0;0;0;0;0;0;0;0
839;839;839;1076;658;2148;924;2720;1833;2855;2197;0;0;0;0;0;0;0;0;0;0;0;0;0;0;0;0;0;0;0;0;0;0
0;0;0;0;0;0;0;0;0;0;0;1598;1598;1598;1448;959;498;1091;512;20;2011;711;937;1946;3092;98;1589;729;881;1674;0;0;0
1079;1079;1079;2088;1904;1955;1298;1356;31;1921;1785;0;0;0;0;0;0;0;0;0;0;0;0;0;0;0;0;0;0;0;0;0;0
572;572;572;543;444;285;142;175;0;2048;1063;1386;1386;1386;1184;1584;1532;940;5287;1926;1514;1796;5057;1530;511;1773;1551;1760;1811;666;190;190;190
0;0;0;0;0;0;0;0;0;0;0;0;0;0;2448;2472;1864;828;283;1905;2674;2342;0;794;2440;1650;556;1462;99;1250;0;0;0
0;0;0;0;0;2305;0;0;0;659;43;0;0;0;0;0;0;0;0;0;0;0;0;0;0;0;0;0;0;0;0;0;0
0;0;0;0;0;0;105;0;327;0;0;0;0;0;0;0;0;0;162;0;1956;0;0;0;0;0;0;0;0;0;0;0;0
0;0;0;0;0;0;0;0;0;0;0;0;0;0;0;0;0;0;0;0;0;0;11176;0;0;0;0;0;0;0;0;0;0
0;0;0;456;21;0;3082;905;0;0;234;0;0;0;0;0;0;0;0;0;0;0;0;0;0;0;0;0;0;0;0;0;0
1715;1715;1715;1547;1315;732;742;801;1629;3731;962;0;0;0;0;0;0;0;0;0;0;0;0;0;0;0;0;0;0;0;0;0;0
591;591;591;2232;2333;2846;2466;3163;3350;1943;1288;0;0;0;0;0;0;0;0;0;0;0;0;0;0;0;0;6;0;0;0;0;0
0;0;0;0;0;0;0;0;0;0;0;1761;1761;1761;1263;1458;1381;1513;2258;1979;1472;1864;1257;1580;1462;34;568;42;30;1235;0;0;0
1241;1241;1241;870;1002;976;0;713;0;982;0;1392;1392;1392;1520;1115;1286;915;1590;1180;1113;1176;1688;1176;1468;1378;878;1143;1175;941;0;0;0
0;0;0;0;0;0;0;0;0;0;0;880;880;880;442;381;508;580;813;698;853;1261;872;1283;772;1059;524;2327;834;421;308;308;308
0;0;0;0;0;0;0;0;0;0;0;627;627;627;3573;20;1524;348;187;2344;235;384;4001;2979;67;3273;25;26;2261;1500;0;0;0
593;593;593;1484;1156;1670;1403;1852;2139;2036;1917;0;0;0;0;0;0;0;0;0;0;0;0;0;0;0;0;0;0;0;0;0;0
1120;1120;1120;1562;2230;1643;2374;2021;2220;877;1968;0;0;0;0;0;0;0;0;0;0;0;0;0;0;0;0;0;0;0;0;0;0
0;0;0;0;0;0;0;0;0;0;0;858;858;858;114;1312;1085;2044;248;4006;830;946;916;2737;530;1980;545;1537;1609;847;0;0;0
1171;1171;1171;2495;2266;1314;1230;1589;2633;2943;3075;0;0;0;0;0;0;0;0;0;0;0;0;0;0;0;0;0;0;0;0;0;0
518;518;518;864;0;2481;0;0;0;52;0;0;0;0;0;0;0;0;0;0;0;0;0;0;0;0;0;0;0;0;0;0;0
0;0;0;0;0;0;0;0;0;0;0;1606;1606;1606;1070;632;425;1254;1277;329;589;1170;438;939;412;2449;182;874;1373;1507;0;0;0
0;0;0;0;0;0;0;0;0;0;0;0;0;0;0;0;0;0;0;0;0;0;3946;0;0;0;0;0;0;0;0;0;0
1556;1556;1556;253;521;494;137;4612;0;0;21;838;838;838;136;334;165;701;74;1175;895;1193;507;291;117;718;667;343;1840;65;0;0;0
0;0;0;0;0;0;0;0;0;0;0;931;931;931;848;622;778;850;929;519;985;2826;540;982;1159;799;565;369;593;706;0;0;0
0;0;0;0;0;0;0;0;0;0;0;0;0;0;0;0;0;0;0;0;0;0;2224;0;0;0;0;0;0;0;0;0;0
336;336;336;1659;214;3106;182;271;426;334;236;0;0;0;0;0;0;0;0;0;0;0;0;0;0;0;0;0;0;0;0;0;0
1994;1994;1994;1047;3004;1365;1914;674;319;427;822;0;0;0;0;0;0;0;0;0;0;0;0;0;0;0;0;0;0;0;0;0;0
0;0;0;159;3493;534;2183;25651;178;633;665;0;0;0;0;0;0;0;0;0;0;0;0;0;0;0;0;0;0;0;0;0;0
0;0;0;0;0;0;0;0;0;0;0;1482;1482;1482;524;1231;946;2520;1207;4132;877;399;1551;2625;1608;3428;1701;3286;2783;1267;0;0;0
0;0;0;0;0;0;0;0;0;0;0;0;0;0;3193;5932;3350;3051;4030;3289;4383;4552;3635;2541;1192;2956;4475;5284;2502;2204;0;0;0
0;0;0;0;0;0;0;0;0;0;0;1537;1537;1537;1243;1553;1742;1764;1012;1866;1368;1576;1877;1537;1316;1366;1332;1080;1094;1193;1791;1791;1791
0;0;0;0;0;0;0;0;0;0;0;0;0;0;0;0;0;0;0;0;0;0;4641;0;0;0;0;0;0;0;0;0;0
0;0;0;0;0;0;0;0;0;0;0;1482;1482;1482;981;1804;1350;1602;2334;3203;2184;1705;1203;1697;1102;2204;2538;2989;1917;1010;0;0;0
0;0;0;0;0;0;0;0;0;0;0;0;0;0;2615;404;1365;41;691;879;4413;1380;0;33;1539;0;115;66;0;0;0;0;0
819;819;819;1043;0;2670;0;0;0;21;0;0;0;0;0;0;0;0;0;0;0;0;0;0;0;0;0;0;0;0;0;0;0
0;0;0;0;770;0;395;6391;0;192;57;0;0;0;0;0;0;0;0;0;0;0;0;0;0;0;0;0;0;0;0;0;0
1274;1274;1274;691;618;3850;561;0;254;4116;3296;0;0;0;0;0;0;0;0;0;0;0;0;0;0;0;0;0;0;0;0;0;0
521;521;521;531;0;3377;102;0;0;3078;3725;0;0;0;0;0;0;0;0;0;0;0;0;0;0;0;0;0;0;0;0;0;0
963;963;963;951;0;2969;0;0;0;25;0;0;0;0;0;0;0;0;0;0;0;0;0;0;0;0;0;0;0;0;0;0;0
0;0;0;0;0;0;0;0;0;0;0;0;0;0;7866;9573;3525;8441;4587;6128;3794;5134;0;8501;7072;7357;6545;9780;6126;8981;0;0;0
0;0;0;25;0;26150;0;0;0;17133;3080;0;0;0;23;0;0;0;0;0;0;122;0;24;26;876;426;523;0;44;0;0;0
0;0;0;0;0;0;0;0;0;0;0;167;167;167;1257;1224;1736;1512;1671;3200;982;1458;456;2233;417;2706;1342;1413;2127;321;0;0;0
0;0;0;0;0;0;0;0;0;0;0;0;0;0;0;1316;1051;1287;0;0;0;0;2279;8641;2536;814;380;0;896;411;0;0;0
0;0;0;0;0;2800;0;0;0;1992;0;0;0;0;45;0;0;0;0;0;0;0;0;0;0;0;0;0;0;42;0;0;0
675;675;675;1842;4238;1667;3954;411;51;2506;1374;0;0;0;0;0;0;0;0;0;0;0;0;0;0;0;0;0;0;0;0;0;0
0;0;0;0;0;0;0;0;0;0;0;0;0;0;7285;727;4651;1902;2937;6740;11779;6371;0;1022;3651;149;1682;2992;0;310;0;0;0
0;0;0;0;0;7208;0;0;0;5672;0;0;0;0;0;0;0;0;0;0;0;0;0;0;0;0;0;0;0;0;0;0;0
1907;1907;1907;2046;0;4589;0;0;0;125;0;0;0;0;0;0;0;0;0;0;0;0;0;0;0;0;0;0;0;0;0;0;0
0;0;0;0;0;7058;0;0;0;4014;697;0;0;0;0;0;0;0;0;0;0;0;0;0;24;0;25;47;0;0;0;0;0
0;0;0;404;0;0;2310;186;0;0;207;0;0;0;0;0;0;0;0;0;0;0;0;0;0;0;0;0;0;0;0;0;0
0;0;0;0;0;0;0;0;0;0;0;0;0;0;0;0;0;0;0;0;0;0;2560;733;63;0;0;0;1151;637;0;0;0
0;0;0;2324;7152;3661;4501;10528;9067;2026;5290;0;0;0;0;0;0;0;0;0;0;0;0;0;0;0;0;0;0;0;0;0;0
0;0;0;1281;2214;1138;948;2857;7490;702;1223;0;0;0;0;0;0;0;0;0;0;0;0;0;0;0;0;0;0;0;0;0;0
0;0;0;1918;6635;3987;4740;10549;9738;2109;5417;0;0;0;0;0;0;0;0;0;0;0;0;49;0;0;0;0;94;36;0;0;0
0;0;0;0;0;0;0;0;0;0;0;238;238;238;46;0;22;549;301;160;34;3660;163;238;45;891;0;21;103;652;0;0;0
0;0;0;0;0;0;0;0;0;0;0;1656;1656;1656;811;470;749;573;540;221;277;507;609;781;261;1108;267;225;584;1307;203;203;203
0;0;0;0;0;0;0;0;0;0;0;1779;1779;1779;559;1135;818;407;462;93;315;743;401;1134;1712;22;479;845;634;553;0;0;0
804;804;804;24;0;1075;55;2085;0;175;127;0;0;0;0;0;0;0;0;0;0;0;0;0;0;0;0;0;0;0;0;0;0
1045;1045;1045;1171;0;2930;0;0;0;44;0;0;0;0;0;0;0;0;0;0;0;0;0;0;0;0;0;0;0;0;0;0;0
0;0;0;386;2015;1023;24;2980;2549;232;1490;0;0;0;0;0;0;0;0;0;0;0;0;0;0;0;0;0;0;0;0;0;0
0;0;0;618;2114;815;572;3207;2722;31;604;0;0;0;0;0;0;0;0;0;0;0;0;0;0;0;0;0;0;0;0;0;0
0;0;0;0;0;0;0;0;0;0;0;0;0;0;3625;0;0;0;0;0;0;0;0;0;0;21;0;0;0;0;0;0;0
0;0;0;23;995;0;1224;3483;822;1540;939;0;0;0;0;0;0;0;0;0;0;0;0;0;0;0;0;0;0;0;0;0;0
0;0;0;0;0;0;0;0;0;0;0;1863;1863;1863;1876;73;1419;1667;100;1589;55;1409;2523;969;2388;2854;0;165;2320;1817;0;0;0
1163;1163;1163;1214;0;2821;0;0;0;26;0;0;0;0;0;0;0;0;0;0;0;0;0;0;0;0;0;0;0;0;0;0;0
852;852;852;1136;0;2947;0;0;0;0;0;0;0;0;0;0;0;0;0;0;0;0;0;0;0;0;0;0;0;0;0;0;0
883;883;883;456;0;2406;0;0;0;0;0;0;0;0;0;0;0;0;0;0;0;0;0;0;0;0;0;0;0;0;0;0;0
1632;1632;1632;1689;0;3707;0;0;0;21;0;0;0;0;0;0;0;0;0;0;0;0;0;0;0;0;0;0;0;0;0;0;0
1076;1076;1076;97;426;291;248;911;2098;326;24;530;530;530;65;252;25;0;225;85;27;48;60;0;139;160;0;22;178;19;0;0;0
0;0;0;0;0;0;0;0;0;0;0;21;21;21;688;2718;1294;3280;7202;858;2215;2020;0;0;0;0;0;0;0;0;0;0;0
0;0;0;0;3952;78;3236;27082;989;2708;2306;0;0;0;0;0;0;0;0;0;0;0;0;0;0;0;0;0;0;0;0;0;0
0;0;0;9913;46471;17838;51270;107540;37370;61503;39430;0;0;0;0;0;0;26;1192;0;0;0;0;0;0;0;0;0;0;0;0;0;0
0;0;0;0;0;0;0;0;0;0;0;0;0;0;21579;21150;25513;21504;15269;25251;15301;20195;29081;31735;29808;24797;15844;14117;29525;26484;0;0;0
0;0;0;3095;3028;4608;4382;3096;3125;4401;4436;0;0;0;0;0;0;0;0;0;0;0;0;0;0;0;0;0;0;0;0;0;0
0;0;0;1397;673;1610;2072;1331;854;1652;2012;0;0;0;0;0;0;0;0;0;0;0;0;0;0;0;0;0;0;0;0;0;0
0;0;0;0;0;0;0;0;0;0;0;0;0;0;17678;15301;19286;17362;13847;19325;14451;18276;22002;23036;21783;21663;12975;11997;22685;22126;0;0;0
772;772;772;1554;1751;2175;1308;2031;2543;1413;2079;0;0;0;0;0;0;0;0;0;0;0;0;0;0;0;0;0;0;0;0;0;0
92;92;92;24;23;0;0;0;0;1368;2436;0;0;0;0;0;0;0;0;0;0;0;0;0;0;0;0;0;0;0;0;0;0
1417;1417;1417;1306;0;2587;0;0;0;0;0;0;0;0;0;0;0;0;0;0;0;0;0;0;0;0;0;0;0;0;0;0;0
0;0;0;0;0;0;0;0;0;0;0;0;0;0;104;642;648;1833;4254;563;1295;397;0;0;0;0;0;0;0;0;0;0;0
0;0;0;0;1777;46;1448;13584;478;642;766;0;0;0;0;0;0;0;0;0;0;0;0;0;0;0;0;0;0;0;0;0;0
0;0;0;7346;36350;13684;38976;84583;26055;48416;29885;0;0;0;0;0;0;0;230;0;0;0;0;0;0;0;0;0;0;0;0;0;0
0;0;0;0;0;0;0;0;0;0;0;0;0;0;0;0;0;332;28;22;0;525;50;41;84;3824;0;82;700;1142;168;168;168
1595;1595;1595;2081;2739;2092;3294;1392;2007;1694;1937;0;0;0;0;0;0;0;0;0;0;0;0;0;0;0;0;0;0;0;0;0;0
0;0;0;0;0;2857;0;0;0;340;0;0;0;0;0;0;0;0;0;0;0;0;0;0;0;0;0;0;0;0;0;0;0
0;0;0;0;0;0;0;0;0;0;0;532;532;532;378;169;1111;882;1134;575;685;2495;428;2002;108;1041;45;360;878;1018;0;0;0
1605;1605;1605;1950;418;4661;454;323;611;759;529;0;0;0;0;0;0;0;0;0;0;0;0;0;0;0;0;0;0;0;0;0;0
1548;1548;1548;1036;4768;2526;1475;873;1633;1118;1319;0;0;0;0;0;0;0;0;0;0;0;0;0;0;0;0;0;0;0;0;0;0
0;0;0;0;0;0;0;0;0;0;0;0;0;0;340;2377;2467;1113;1685;2253;1360;1845;0;23;183;1796;1900;1623;19;172;0;0;0
265;265;265;0;83;37;0;0;44;2266;2393;0;0;0;0;0;0;0;0;0;0;0;0;0;0;0;0;0;0;0;0;0;0
0;0;0;0;0;0;0;0;0;0;0;0;0;0;9816;2207;5076;737;1437;7082;17549;8141;0;1196;6258;113;1349;3555;93;104;0;0;0
0;0;0;0;0;3959;0;0;0;2184;0;0;0;0;0;0;0;0;0;0;0;0;0;0;0;0;0;0;0;0;0;0;0
0;0;0;0;0;0;0;0;0;0;0;306;306;306;3768;3613;3859;3578;3775;3966;3920;4314;43;217;79;3675;3418;2974;167;819;0;0;0
1412;1412;1412;2165;1881;1589;2132;517;1969;1705;1699;0;0;0;0;0;0;0;0;0;0;0;0;0;0;0;0;0;0;0;0;0;0
1157;1157;1157;1960;1781;1210;1963;570;1603;1416;1329;0;0;0;0;0;0;0;0;0;0;0;0;0;0;0;0;0;0;0;0;0;0
0;0;0;0;0;3090;0;0;0;413;0;0;0;0;0;0;0;0;0;0;0;0;0;0;0;0;0;0;0;0;0;0;0
1969;1969;1969;1720;1724;2357;1978;1796;2609;2104;1493;0;0;0;0;0;0;0;0;0;0;0;0;0;0;0;0;0;0;0;0;0;0
0;0;0;0;0;0;0;0;0;0;0;164;164;164;27;0;49;0;32;0;47;85;21;22;0;32;0;0;155;4781;0;0;0
0;0;0;0;0;0;0;0;0;0;0;1405;1405;1405;0;128;0;0;0;0;0;0;0;0;0;0;0;0;0;0;0;0;0
0;0;0;0;0;0;0;0;0;0;0;0;0;0;0;0;44;485;0;0;91;325;26;0;167;3762;0;0;674;675;58;58;58
0;0;0;0;0;0;0;0;0;0;0;0;0;0;1943;91;931;77;375;552;3349;1825;0;0;1045;0;152;41;0;0;0;0;0
0;0;0;0;0;315;0;0;0;570;8258;0;0;0;0;0;0;0;0;0;0;0;0;0;0;0;0;0;0;0;0;0;0
1242;1242;1242;2250;11757;3823;17280;5919;2026;1501;5428;0;0;0;0;0;0;0;0;0;0;0;0;0;0;0;0;0;0;0;0;0;0
0;0;0;0;0;0;0;0;0;0;0;1777;1777;1777;1467;795;1301;1041;1285;1375;652;583;2217;999;1578;1603;962;1083;1497;1312;0;0;0
1480;1480;1480;1545;0;4239;0;0;0;0;0;0;0;0;0;0;0;0;0;0;0;0;0;0;0;0;0;0;0;0;0;0;0
0;0;0;0;0;711;0;0;0;975;11995;0;0;0;0;0;0;0;0;0;0;0;0;0;0;0;0;0;0;0;0;0;0
208;208;208;1851;2772;2144;1663;1769;3582;1412;1480;0;0;0;0;0;0;26;0;0;0;0;0;0;0;0;0;0;0;0;0;0;0
1052;1052;1052;302;57;1546;256;2296;22;83;342;0;0;0;0;0;0;0;0;0;0;0;0;0;0;0;0;0;0;0;0;0;0
1695;1695;1695;3197;3032;2783;3841;1654;4401;3482;3524;0;0;0;0;0;0;0;0;0;0;0;0;0;0;0;0;0;0;0;0;0;0
0;0;0;0;0;0;0;0;0;0;0;1194;1194;1194;2738;2724;2403;2486;4472;2209;2517;2410;2442;1662;2551;2698;3170;2431;2489;2766;1835;1835;1835
0;0;0;0;0;0;0;0;0;0;0;118;118;118;20;0;21;0;0;18;20;0;0;25;0;64;0;0;159;3468;0;0;0
0;0;0;0;0;0;0;0;0;0;0;603;603;603;1612;23;1098;1610;106;1361;87;1046;2339;1977;1244;2449;0;78;2059;870;0;0;0
1421;1421;1421;1152;0;3246;0;0;0;0;0;0;0;0;0;0;0;0;0;0;0;0;0;0;0;0;0;0;0;0;0;0;0
983;983;983;797;0;2629;0;0;0;0;0;0;0;0;0;0;0;0;0;0;0;0;0;0;0;0;0;0;0;0;0;0;0
1927;1927;1927;2149;2371;1874;2794;1203;2788;2141;1874;0;0;0;0;0;0;0;0;0;0;0;0;0;0;0;0;0;0;0;0;0;0
1614;1614;1614;2131;3110;3138;2625;2348;2597;2300;2252;0;0;0;0;0;0;0;0;0;0;0;0;0;0;0;0;0;0;0;0;0;0
0;0;0;0;0;0;0;0;0;0;0;961;961;961;2231;222;1415;389;220;2039;170;922;2921;2810;500;1163;24;43;1495;2168;0;0;0
0;0;0;0;0;0;0;0;0;0;0;0;0;0;0;0;0;0;0;0;0;0;1778;3719;5035;0;0;0;2527;2661;0;0;0
0;0;0;4089;3277;13104;3769;3068;2864;12496;6142;0;0;0;0;0;0;0;0;0;0;0;0;0;0;0;0;0;0;0;0;0;0
0;0;0;0;0;0;0;0;0;0;0;481;481;481;2428;2504;2502;2814;2828;2886;2540;3012;3700;4301;3584;3445;2091;3046;3355;3088;0;0;0
1915;1915;1915;1993;0;5076;0;0;0;171;0;0;0;0;0;0;0;0;0;0;0;0;0;0;0;0;0;0;0;0;0;0;0
0;0;0;0;0;0;0;0;0;0;0;1994;1994;1994;1104;964;1264;1334;593;963;944;1576;2025;2431;2292;1341;798;1217;1567;1192;0;0;0
26;26;26;470;1133;150;2263;585;661;79;283;0;0;0;0;0;0;0;0;0;0;0;0;0;0;0;0;0;0;0;0;0;0
666;666;666;610;658;502;935;7154;858;2467;922;0;0;0;0;0;0;0;0;0;0;0;0;0;0;0;0;0;0;0;0;0;0
781;781;781;859;0;2304;0;0;0;50;0;0;0;0;0;0;0;0;0;0;0;0;0;0;0;0;0;0;0;0;0;0;0
0;0;0;0;0;0;0;0;0;0;0;1956;1956;1956;1294;884;1213;1672;1311;1241;1062;1620;2418;1847;1990;2180;935;1163;1961;1153;0;0;0
1495;1495;1495;1662;1471;2067;1777;1761;2179;1562;1906;720;720;720;289;297;448;299;491;279;167;146;755;704;871;410;183;329;464;603;0;0;0
1731;1731;1731;1692;1897;2378;1424;1439;1753;1148;1164;0;0;0;0;0;0;0;0;0;0;0;0;0;0;0;0;0;0;0;0;0;0
1751;1751;1751;2392;1672;2866;1897;2863;2497;1537;2053;0;0;0;0;0;0;0;0;0;0;0;0;0;0;0;0;0;0;0;0;0;0
0;0;0;0;0;0;0;0;0;0;0;954;954;954;1159;739;1696;2340;2180;1597;877;2526;2338;1874;1588;3709;700;1670;2028;1300;0;0;0
779;779;779;822;3479;874;1469;1000;1241;2863;318;0;0;0;0;0;0;0;0;0;0;0;0;0;0;0;0;0;0;0;0;0;0
769;769;769;754;0;2554;0;0;0;0;0;0;0;0;0;0;0;0;0;0;0;0;0;0;0;0;0;0;0;0;0;0;0
1731;1731;1731;1779;0;4531;0;0;0;72;0;0;0;0;0;0;0;0;0;0;0;0;0;0;0;0;0;0;0;0;0;0;0
0;0;0;0;0;0;0;0;0;0;0;0;0;0;70;144;0;0;152;0;0;0;0;374;215;0;297;266;0;0;1211;1211;1211
0;0;0;0;0;0;0;0;0;0;0;913;913;913;4149;3692;3850;3948;3513;4075;3242;4318;5449;5306;6049;5074;3182;4456;5227;4749;0;0;0
1629;1629;1629;851;3670;2338;1207;1295;1677;618;1929;0;0;0;0;0;0;0;0;0;0;0;0;0;0;0;0;0;0;0;0;0;0
0;0;0;0;0;0;0;0;0;0;0;1506;1506;1506;974;1189;1279;746;625;1290;924;1387;2235;2110;2059;1383;324;1530;1624;1128;0;0;0
492;492;492;59;0;0;0;0;0;0;0;1728;1728;1728;314;31;229;495;170;77;38;299;619;436;335;545;46;238;425;208;0;0;0
1302;1302;1302;2322;1181;2296;1841;3717;548;1658;1969;0;0;0;0;0;0;0;0;0;0;0;0;0;0;0;0;0;0;0;0;0;0
257;257;257;235;354;369;1866;397;2615;194;345;1316;1316;1316;1928;1504;1928;3442;1623;2918;328;450;711;2256;1703;2134;500;2555;1912;1289;0;0;0
0;0;0;0;0;0;0;0;0;0;0;0;0;0;59;482;681;161;125;209;63;94;2682;694;680;546;778;123;2710;463;0;0;0
0;0;0;0;0;0;0;0;0;0;0;0;0;0;1185;3557;1690;861;2365;2982;480;2309;2285;3011;800;852;456;1245;914;974;0;0;0
0;0;0;0;0;0;0;0;0;0;0;0;0;0;3208;4528;2297;2355;1987;4221;619;2934;7241;8066;4567;4049;2896;2353;1274;2729;0;0;0
68;68;68;656;7667;1187;10740;1321;3103;634;1320;0;0;0;0;0;0;0;0;0;0;0;0;0;0;0;0;0;0;0;0;0;0
0;0;0;0;0;0;0;0;0;0;0;0;0;0;0;0;0;0;0;0;0;0;5912;1609;461;0;0;0;2826;749;0;0;0
0;0;0;1482;24;28;5066;693;0;23;1132;33;33;33;0;0;0;0;0;0;0;0;0;0;0;0;0;0;0;0;0;0;0
1155;1155;1155;579;469;3360;120;0;304;3174;2713;0;0;0;0;0;0;0;0;0;0;0;0;0;0;0;0;0;0;0;0;0;0
1685;1685;1685;687;737;5230;731;0;841;4785;4234;0;0;0;0;0;0;0;0;0;0;0;0;0;0;0;0;0;0;0;0;0;0
0;0;0;0;0;0;0;0;0;0;0;0;0;0;1952;822;802;806;778;467;556;1361;837;3197;1081;1512;1444;348;216;1424;0;0;0
0;0;0;0;0;0;0;0;0;0;0;0;0;0;68;607;829;278;145;237;235;43;3086;919;933;550;790;96;3021;617;0;0;0
975;975;975;1248;0;3174;0;0;0;29;0;0;0;0;0;0;0;0;0;0;0;0;0;0;0;0;0;0;0;0;0;0;0
0;0;0;0;0;0;0;0;0;0;0;0;0;0;11510;15261;9078;14606;11417;14365;3400;9171;15322;24523;12372;12592;11072;7974;3203;12300;0;0;0
0;0;0;0;0;0;0;0;0;0;0;0;0;0;3948;2890;4159;5711;4467;5847;4519;4107;4962;5172;3198;2494;1222;3122;2307;2624;0;0;0
1741;1741;1741;2039;3140;2186;3698;1384;2111;1964;2119;0;0;0;0;0;0;0;0;0;0;0;0;0;0;0;0;0;0;0;0;0;0
0;0;0;0;0;0;0;0;0;0;0;0;0;0;2172;3820;2557;2925;2468;2477;787;1063;4484;5412;2700;2524;3098;926;2631;3483;0;0;0
0;0;0;0;0;0;0;0;0;0;0;0;0;0;4033;7544;3067;7464;6235;7402;3835;4800;8050;5200;6808;9647;7702;4413;2506;6857;0;0;0
423;423;423;580;1701;294;483;3972;7429;936;719;0;0;0;0;0;0;0;0;0;0;0;0;0;0;0;0;0;0;0;22;22;22
0;0;0;69;31;23;143;24;0;21;28;0;0;0;113;240;323;427;20;250;22;47;3191;1414;979;265;95;0;1557;1463;0;0;0
0;0;0;0;0;0;0;24;0;0;0;19;19;19;2920;2232;1856;6796;2472;2541;2344;2253;6796;12004;6715;5260;4180;3545;6495;3772;144;144;144
0;0;0;0;0;0;44;0;0;0;48;0;0;0;2650;6804;2564;6183;4922;5912;1350;3793;6486;9904;4276;4695;5119;3295;537;4644;0;0;0
48;48;48;108;1098;21;80;2194;3902;252;295;0;0;0;0;0;0;0;0;0;0;0;0;0;0;0;0;0;0;0;0;0;0
0;0;0;0;21;0;0;0;0;0;0;0;0;0;0;0;21;0;27;0;67;0;0;29;762;0;20;0;2837;0;0;0;0
1249;1249;1249;0;0;1624;349;4509;565;760;868;0;0;0;0;0;0;0;0;0;0;0;0;0;0;0;0;0;0;0;0;0;0
0;0;0;0;0;0;0;0;0;0;0;1768;1768;1768;0;67;407;982;242;2685;185;26;394;1269;366;1666;147;1596;1272;0;0;0;0
27;27;27;43;1361;319;2165;172;502;42;142;0;0;0;0;0;0;0;0;0;0;0;0;0;0;0;0;0;0;0;0;0;0
0;0;0;0;0;0;0;0;0;0;0;1696;1696;1696;710;575;435;1354;762;2272;1123;1079;805;1517;899;1494;437;1526;1487;460;0;0;0
1203;1203;1203;132;651;3365;190;0;88;3312;3019;0;0;0;0;0;0;0;0;0;0;0;0;0;0;0;0;0;0;0;0;0;0
931;931;931;1947;1487;2207;1888;2500;3109;2365;2345;0;0;0;0;0;0;0;0;0;0;0;0;0;0;0;0;0;0;0;0;0;0
0;0;0;0;0;0;0;0;0;0;0;0;0;0;3598;2304;1882;2420;2151;1992;1783;2470;3768;4643;3598;4852;3894;1568;1287;2421;0;0;0
1667;1667;1667;1462;1561;1770;1554;1817;1606;1434;1583;0;0;0;0;0;0;0;0;0;0;0;0;0;0;0;0;0;0;0;0;0;0
194;194;194;322;1137;73;89;2605;4740;340;485;0;0;0;0;0;0;0;0;0;0;0;0;0;0;0;0;0;0;0;0;0;0
0;0;0;57;0;0;1133;478;66;0;344;0;0;0;0;0;0;0;0;0;0;0;3103;1291;168;0;0;0;2574;2006;0;0;0
0;0;0;2119;1136;1441;5407;1545;3062;274;1158;0;0;0;0;0;0;0;0;0;0;0;0;0;0;0;0;0;0;0;0;0;0
0;0;0;0;0;0;0;0;0;0;0;0;0;0;318;528;475;616;0;319;44;72;4169;1809;1336;595;106;0;1731;1793;0;0;0
0;0;0;1201;1407;1056;2852;1105;1268;753;1545;0;0;0;0;0;0;0;0;0;0;0;0;0;0;0;0;0;0;0;0;0;0
0;0;0;40;20;21;425;21;82;94;225;0;0;0;2438;4046;1054;4135;2470;3867;413;2203;4940;6534;3734;3495;2730;2251;1106;3403;0;0;0
0;0;0;90;668;0;53;1817;2937;196;91;0;0;0;0;0;0;0;0;0;0;0;0;0;0;0;0;0;0;0;0;0;0
0;0;0;0;0;0;0;0;0;0;0;0;0;0;2869;5123;2302;5488;4079;3937;778;2706;1248;7273;4002;797;3020;2150;1797;2898;0;0;0
0;0;0;0;0;0;0;0;0;0;0;0;0;0;4883;3152;2816;1503;4128;4728;1731;3621;3060;4683;1817;1407;2733;2725;1120;2769;0;0;0
1479;1479;1479;1047;12495;6958;14621;5020;7709;2394;3794;0;0;0;0;0;0;0;0;0;0;0;0;0;0;0;0;0;0;0;0;0;0
994;994;994;673;2424;1699;591;758;1046;818;1388;0;0;0;0;0;0;0;0;0;0;0;0;0;0;0;0;0;0;0;0;0;0
0;0;0;0;0;21;0;0;0;0;0;0;0;0;2020;96;1149;267;245;1579;5453;2682;42;0;266;40;0;27;201;43;0;0;0
0;0;0;0;0;0;0;0;0;0;0;0;0;0;9393;12878;9209;13056;11616;11464;5811;10089;7006;15937;10205;8679;8129;7653;7032;7496;0;0;0
0;0;0;0;0;0;0;41;21;0;37;144;144;144;2139;2273;1557;2195;2143;2252;1420;2347;1197;2164;1876;1410;1453;1900;1288;1067;0;0;0
0;0;0;1195;32;214;4704;1146;0;63;1119;0;0;0;0;0;0;0;0;0;0;0;0;0;0;0;0;0;0;0;0;0;0
0;0;0;0;0;0;0;0;0;0;0;0;0;0;0;0;0;0;0;0;0;0;3581;807;18;0;0;0;1323;223;0;0;0
0;0;0;0;0;0;0;0;0;0;0;0;0;0;3874;6611;2746;6468;5183;4632;1184;3199;2703;9260;5051;3449;3305;2591;2036;1653;0;0;0
0;0;0;0;0;0;0;0;0;0;0;0;0;0;2000;1221;2434;1622;1139;551;742;711;1543;4484;2437;1066;2153;1565;3252;1558;0;0;0
1696;1696;1696;354;3818;5450;2315;2760;1416;2646;4159;20;20;20;22;0;0;0;0;0;0;0;0;0;0;0;0;0;0;0;0;0;0
0;0;0;414;917;541;2536;2294;2463;1343;2848;0;0;0;0;0;0;0;0;0;0;0;0;0;0;0;0;0;0;0;0;0;0
0;0;0;0;0;0;0;0;0;0;0;0;0;0;15026;17126;12539;18257;16129;15361;7561;13824;9801;21040;14585;11629;11617;9665;10353;10669;0;0;0
0;0;0;0;0;0;0;0;0;0;0;584;584;584;0;0;0;314;78;53;0;2499;110;71;120;236;0;0;155;187;0;0;0
0;0;0;0;0;0;0;0;0;0;0;0;0;0;2917;2955;1780;2610;2720;2932;1552;2691;1377;2430;2442;1803;1696;2493;1555;1347;0;0;0
1088;1088;1088;1125;1538;1781;2562;2024;1465;1010;239;0;0;0;0;0;0;0;0;0;0;0;0;0;0;0;0;0;0;0;0;0;0
40;40;40;159;265;0;85;2519;4811;127;340;0;0;0;0;0;0;0;0;0;0;0;0;0;0;0;0;0;0;0;0;0;0
582;582;582;316;433;684;186;487;919;344;551;1464;1464;1464;3199;3284;3335;3559;3753;3399;3524;3387;3101;3493;3515;3897;1876;2970;3423;3662;0;0;0
1923;1923;1923;1927;1813;2101;2371;4750;2096;1433;2013;0;0;0;0;0;0;0;0;0;0;0;0;0;0;0;0;0;0;0;0;0;0
30;30;30;53;226;0;0;2386;4558;98;386;0;0;0;0;0;0;0;0;0;0;0;0;0;0;0;0;0;0;0;0;0;0
0;0;0;0;0;0;0;0;0;0;0;27;27;27;2403;2311;3225;1962;2308;2510;6596;3130;1081;1134;2349;771;2028;1042;788;1023;0;0;0
0;0;0;0;0;0;0;0;0;0;0;1110;1110;1110;1610;1662;1593;2072;1017;2096;1461;1454;1977;2359;2483;1688;1373;1541;1959;2243;0;0;0
0;0;0;0;0;0;0;0;0;0;0;84;84;84;136;300;378;123;0;112;24;0;2428;733;891;238;104;19;919;1280;0;0;0
0;0;0;0;0;0;0;0;0;0;0;0;0;0;1903;2631;1608;1868;1593;1938;1575;1382;3706;2735;2326;1955;1325;1186;2281;3173;0;0;0
486;486;486;802;1744;2085;2765;1089;1786;1205;503;0;0;0;0;0;0;0;0;0;0;0;0;0;0;0;0;0;0;0;0;0;0
0;0;0;0;0;0;139;0;0;0;0;0;0;0;0;0;0;0;0;0;0;0;3938;846;132;0;0;0;1301;691;0;0;0
1250;1250;1250;797;1055;4781;1833;10241;1745;2327;4643;0;0;0;0;0;0;0;0;0;0;0;0;0;0;0;0;0;0;0;0;0;0
0;0;0;0;19;0;67;0;0;28;0;0;0;0;0;0;0;0;0;0;0;0;9315;2738;1723;0;0;0;4660;694;0;0;0
0;0;0;3789;822;455;18796;3599;886;433;3916;20;20;20;0;0;0;0;0;0;0;0;0;0;0;0;0;0;0;0;0;0;0
0;0;0;73;184;0;0;2223;4231;201;376;0;0;0;0;0;0;0;0;0;0;0;0;0;0;0;0;0;0;0;0;0;0
1207;1207;1207;1022;1764;5240;1491;5433;949;1016;2300;0;0;0;0;0;0;0;0;0;0;0;0;0;0;0;0;0;0;0;0;0;0
0;0;0;0;0;0;0;0;0;0;0;0;0;0;1146;1896;1467;1542;583;1418;565;752;7700;4111;2991;1384;1460;173;3710;4369;0;0;0
1766;1766;1766;1658;1748;2764;2854;4130;728;1112;2313;0;0;0;0;0;0;0;0;0;0;0;0;0;0;0;0;0;0;0;0;0;0
0;0;0;0;0;0;0;1299;2311;0;23;0;0;0;0;0;0;0;0;0;0;0;0;0;0;0;0;0;0;0;0;0;0
0;0;0;0;0;0;0;0;0;0;0;0;0;0;4860;6517;5708;5174;4052;5471;4079;3907;9947;6951;5988;4870;4933;3304;6132;8030;0;0;0
0;0;0;0;0;0;0;0;0;0;0;1740;1740;1740;13378;14861;12737;15128;11027;15242;11852;13133;16106;16582;16369;15673;12583;15227;16325;14233;0;0;0
0;0;0;0;0;0;0;0;0;0;0;22;22;22;1056;1695;4165;1755;1685;4292;7643;1654;1121;896;2256;669;723;934;1388;1528;0;0;0
1343;1343;1343;799;335;287;86;65;113;25;93;0;0;0;0;0;0;0;0;0;0;0;0;0;0;0;0;0;0;0;0;0;0
0;0;0;752;652;46;6049;771;47;44;870;0;0;0;0;0;0;0;0;0;0;0;0;0;0;0;0;0;0;0;0;0;0
0;0;0;0;0;0;0;0;0;0;0;0;0;0;1662;2690;2115;2247;407;1985;735;1026;14900;7435;5184;3001;1802;302;7226;7293;0;0;0
0;0;0;5045;5256;3861;10957;4356;4668;3018;5987;0;0;0;0;0;0;0;0;0;0;0;0;0;0;0;0;0;0;0;0;0;0
0;0;0;1083;85;25;4928;1184;43;32;1476;0;0;0;0;0;0;0;0;0;0;0;0;1679;676;0;0;0;2541;476;0;0;0
0;0;0;1083;32;25;22;1184;0;0;67;0;0;0;0;0;0;0;0;0;0;0;5970;1679;382;0;0;0;2541;476;0;0;0
0;0;0;0;0;0;0;0;0;0;0;0;0;0;5175;7002;5887;5562;4195;5621;4265;4092;10175;7272;5960;4981;5070;3404;6372;8515;0;0;0
0;0;0;3612;4256;3616;8345;3521;3197;3056;4486;0;0;0;0;0;0;25;0;0;0;0;0;160;0;0;0;0;43;0;0;0;0
0;0;0;0;0;0;0;0;0;0;0;1429;1429;1429;1278;1493;2284;2183;1656;2668;1210;2286;2986;2676;2110;2200;1393;2394;2605;1386;0;0;0
0;0;0;0;0;0;0;0;0;0;0;0;0;0;0;0;0;0;0;0;0;0;5745;1496;149;0;0;0;2084;1193;0;0;0
0;0;0;3058;174;336;7171;2342;0;23;2807;0;0;0;0;0;0;0;0;0;0;0;0;0;0;0;0;0;0;0;0;0;0
0;0;0;0;0;0;0;0;0;0;0;1654;1654;1654;2486;637;1554;1478;1713;2788;1835;2395;2951;3057;1958;2100;1512;2361;658;681;0;0;0
0;0;0;381;36;0;2312;240;0;0;128;0;0;0;0;0;0;0;0;0;0;0;0;0;0;0;0;0;0;0;0;0;0
620;620;620;2359;2446;560;8613;3348;774;105;1402;0;0;0;0;0;0;0;0;0;0;0;0;0;0;0;0;0;0;0;0;0;0
23;23;23;0;0;0;0;26;43;0;0;1949;1949;1949;2233;2301;2137;2513;3025;2226;2456;2347;2712;2790;2415;3126;2168;2393;2245;2611;0;0;0
1904;1904;1904;3405;3443;4509;4234;4506;874;908;3668;0;0;0;0;0;0;0;0;0;0;0;0;0;0;0;0;0;0;0;0;0;0
0;0;0;870;56;0;4008;749;0;0;677;0;0;0;0;0;0;0;0;0;0;0;0;0;0;0;0;0;0;0;0;0;0
0;0;0;2950;1668;223;14339;3126;20;58;2739;0;0;0;0;0;0;0;0;0;0;0;9397;2947;1896;0;0;0;3544;931;0;0;0
0;0;0;0;0;0;0;0;0;0;0;0;0;0;0;0;0;0;0;0;0;0;7737;2175;831;0;0;0;3234;1111;0;0;0
0;0;0;46;0;0;0;1269;2155;26;41;0;0;0;0;0;0;0;0;0;0;0;0;0;0;0;0;0;0;0;0;0;0
0;0;0;385;0;0;2738;778;0;0;586;0;0;0;0;0;0;0;0;0;0;0;0;0;0;0;0;0;0;0;0;0;0
1637;1637;1637;3082;4400;3070;6233;1919;590;702;2149;0;0;0;0;0;0;0;0;0;0;0;0;0;0;0;0;0;0;0;0;0;0
0;0;0;11961;286;2533;33740;6321;0;777;5469;0;0;0;0;0;0;0;0;0;0;0;0;0;0;0;0;0;0;0;0;0;0
0;0;0;0;0;0;0;0;0;0;0;0;0;0;0;0;0;0;0;0;0;0;4599;640;0;0;0;0;1762;1294;0;0;0
0;0;0;0;0;0;0;0;0;0;0;0;0;0;0;0;0;0;0;0;0;0;34829;8418;3380;0;0;0;13304;7158;0;0;0
0;0;0;35734;2508;5082;134327;21076;18;2412;27225;0;0;0;0;0;0;0;0;0;0;0;0;0;0;0;0;0;0;0;0;0;0
0;0;0;273;56;0;1825;146;42;0;86;0;0;0;0;0;0;0;0;0;0;0;0;0;0;0;0;0;0;0;0;0;0
0;0;0;2108;0;47;8856;1459;0;0;1326;0;0;0;0;0;0;0;0;0;0;0;3172;21;0;0;0;0;286;0;0;0;0
20;20;20;899;610;44;4112;1099;97;0;922;0;0;0;0;0;0;0;0;0;0;0;0;0;0;0;0;0;0;0;0;0;0
0;0;0;3219;516;23;12239;2501;0;0;2696;0;0;0;0;0;0;0;0;0;0;0;0;0;0;0;0;0;0;0;0;0;0
529;529;529;8140;8990;1962;28347;6009;6232;2675;4887;0;0;0;0;0;0;0;0;0;0;0;0;0;0;0;0;0;0;0;0;0;0
0;0;0;491;985;0;4000;563;22;0;242;0;0;0;0;0;0;0;0;0;0;0;0;0;0;0;0;0;0;0;0;0;0
0;0;0;0;0;0;0;0;0;0;0;0;0;0;264;1443;675;1019;631;293;2739;451;4700;1766;1054;625;495;28;2354;3107;0;0;0
0;0;0;2462;4915;270;13451;3256;2666;47;1663;0;0;0;0;0;0;0;0;0;0;0;0;0;0;0;0;0;0;0;0;0;0
0;0;0;1093;497;0;5010;879;42;0;839;0;0;0;0;0;0;0;0;0;0;0;105;0;0;0;0;0;0;0;0;0;0
1661;1661;1661;1096;4804;2676;1307;1262;1800;1318;2148;0;0;0;0;0;0;0;0;0;0;0;0;0;0;0;0;0;0;0;0;0;0
0;0;0;274;55;0;3026;245;0;0;60;0;0;0;0;0;0;0;0;0;0;0;0;0;0;0;0;0;0;0;0;0;0
0;0;0;0;0;0;0;0;0;0;0;0;0;0;0;0;0;0;0;0;0;0;1910;262;20;0;0;0;503;55;0;0;0
0;0;0;2261;0;71;7619;1360;0;0;1674;0;0;0;0;0;0;0;0;0;0;0;0;0;0;0;0;0;0;0;0;0;0
0;0;0;456;0;0;3339;415;22;0;360;0;0;0;0;0;0;0;0;0;0;0;3300;677;991;0;0;0;2142;61;0;0;0
0;0;0;0;0;0;0;0;0;0;0;1637;1637;1637;1817;1267;1846;1761;1289;2328;1464;1920;2446;2251;1888;1777;1555;2098;2023;1230;0;0;0
1774;1774;1774;1532;2264;1679;2676;1181;2302;1833;1663;0;0;0;0;0;0;0;0;0;0;0;0;0;0;0;0;0;0;0;0;0;0
0;0;0;578;0;0;2191;486;0;0;187;0;0;0;0;0;0;0;0;0;0;0;0;0;0;0;0;0;0;0;0;0;0
0;0;0;0;0;0;0;0;0;0;0;0;0;0;1208;143;665;363;1009;739;3144;1510;134;129;616;57;49;585;141;72;0;0;0
0;0;0;724;45;0;4037;715;0;0;470;0;0;0;0;0;0;0;0;0;0;0;0;0;0;0;0;0;0;0;0;0;0
766;766;766;539;4189;2493;1028;1172;1546;1290;1963;0;0;0;0;0;0;0;0;0;0;0;0;0;0;0;0;0;0;0;0;0;0
0;0;0;59;0;0;0;0;0;0;0;0;0;0;1982;318;1826;336;1018;266;2810;2238;224;582;863;217;197;236;1717;265;0;0;0
0;0;0;0;0;0;0;0;0;0;0;0;0;0;0;0;0;0;0;0;0;0;6387;1978;805;0;0;0;3183;721;0;0;0
0;0;0;1242;0;122;4104;875;0;45;1235;0;0;0;0;0;0;0;0;0;0;0;0;0;0;0;0;0;0;0;0;0;0
0;0;0;0;0;0;0;0;0;0;0;0;0;0;3131;371;3044;905;1800;1004;4463;3654;1053;747;1392;468;615;591;2952;864;0;0;0
0;0;0;0;0;0;0;0;0;0;0;0;0;0;218;388;1433;108;1023;355;3760;626;218;568;1725;773;1432;790;599;649;0;0;0
0;0;0;0;0;0;0;0;0;0;0;0;0;0;735;1932;1177;1475;744;1338;176;639;3985;2722;2037;1827;2123;563;2574;2853;0;0;0
0;0;0;0;0;0;0;0;0;0;0;0;0;0;0;0;0;0;0;0;0;0;2083;618;57;0;0;0;871;94;0;0;0
0;0;0;0;0;0;0;0;0;0;0;0;0;0;0;0;0;0;0;0;0;0;2289;356;22;0;0;0;597;191;0;0;0
0;0;0;1512;0;41;5098;874;0;0;1224;0;0;0;0;0;0;0;0;0;0;0;0;0;0;0;0;0;0;0;0;0;0
1937;1937;1937;1534;1576;1397;2934;2315;2384;2139;2936;0;0;0;0;0;0;0;0;0;0;0;0;0;0;0;0;0;0;0;0;0;0
0;0;0;268;53;0;2675;328;33;0;329;0;0;0;0;0;0;0;0;0;0;0;0;0;0;0;0;0;0;0;0;0;0
0;0;0;0;0;0;0;0;268;0;0;0;0;0;0;0;0;0;0;0;0;0;6755;1238;308;0;0;0;2144;1193;0;0;0
0;0;0;0;0;0;0;0;0;0;0;0;0;0;1695;627;828;616;287;575;1338;1488;2683;896;1885;519;574;686;1252;1133;0;0;0
0;0;0;0;0;0;0;0;0;0;0;0;0;0;1155;2390;1830;2113;1241;1775;271;1108;5423;3849;2646;2503;1391;960;3505;4185;0;0;0
0;0;0;0;0;0;0;0;0;0;0;1850;1850;1850;2040;2086;1026;2329;2791;1898;2286;1173;1298;2370;1927;2413;1731;1250;2104;1942;0;0;0
0;0;0;144;91;0;2572;420;23;0;419;0;0;0;0;0;0;0;0;0;0;0;0;0;0;0;0;0;0;0;0;0;0
0;0;0;767;603;0;3338;718;67;0;178;0;0;0;0;0;0;0;0;0;0;0;0;0;0;0;0;0;0;0;0;0;0
1510;1510;1510;938;3901;2366;928;510;1480;1144;1795;0;0;0;0;0;0;0;0;0;0;0;0;0;0;0;0;0;0;0;0;0;0
188;188;188;1480;924;385;7409;2637;1217;455;1277;0;0;0;0;0;0;0;0;0;0;0;0;0;0;0;0;0;0;0;0;0;0
0;0;0;0;0;0;0;0;0;0;0;0;0;0;0;0;0;0;0;0;0;0;3608;700;30;0;0;0;1157;693;0;0;0
0;0;0;2804;960;198;6748;1257;462;0;1974;0;0;0;0;0;0;0;0;0;0;0;0;0;0;0;0;0;0;0;0;0;0
0;0;0;715;795;288;3868;242;203;325;1415;0;0;0;0;0;0;0;0;0;0;0;0;0;0;0;0;0;0;0;0;0;0
0;0;0;194;45;0;1902;66;184;0;293;0;0;0;0;68;23;0;0;0;0;0;4674;2320;1067;0;0;0;1371;2317;0;0;0
0;0;0;3468;3686;765;10665;2736;755;50;2125;0;0;0;0;0;0;0;0;0;0;0;0;0;0;0;0;0;0;0;0;0;0
1447;1447;1447;703;3680;2352;899;689;1467;1070;1622;0;0;0;0;0;0;0;0;0;0;0;0;0;0;0;0;0;0;0;0;0;0
0;0;0;368;778;278;1935;833;804;19;749;0;0;0;0;0;0;0;0;0;0;0;24022;1203;307;0;0;0;2367;1307;0;0;0
0;0;0;36153;24704;10859;152006;63754;48501;9437;56827;0;0;0;832;3772;4085;2034;720;359;1392;1276;176541;54449;23228;2517;2549;668;100577;78994;0;0;0
0;0;0;262796;258973;135085;478751;318429;219492;55888;234310;0;0;0;0;0;0;0;0;0;0;0;0;0;0;0;0;0;0;0;0;0;0
0;0;0;372;0;0;3063;711;0;0;607;0;0;0;0;0;0;0;0;0;0;0;0;0;0;0;0;0;0;0;0;0;0
0;0;0;739;1082;0;6213;1504;343;22;737;0;0;0;0;0;0;0;0;0;0;0;0;0;0;0;0;0;0;0;0;0;0
612;612;612;4611;5034;902;14455;5532;3784;795;2403;0;0;0;0;0;0;0;0;0;0;0;0;0;0;0;0;0;0;0;0;0;0
0;0;0;3931;4266;1054;12233;4393;3952;309;3009;0;0;0;0;0;0;0;0;0;0;0;0;0;0;0;0;0;0;0;0;0;0
0;0;0;264;24;0;224;66;146;0;23;0;0;0;66;146;134;84;45;0;24;0;27864;7553;3642;286;225;0;13312;10100;0;0;0
22;22;22;825;1064;94;2895;829;329;0;87;0;0;0;0;307;76;96;0;0;21;0;4579;89;46;0;21;0;4617;795;0;0;0
22;22;22;12130;13645;957;42073;12275;18211;180;3727;0;0;0;0;0;0;0;0;0;0;0;19;30;29;0;0;0;170;177;0;0;0
1554;1554;1554;1204;1327;1510;1313;1417;1960;1078;756;0;0;0;0;0;0;0;0;0;0;0;0;0;0;0;0;0;0;0;0;0;0
0;0;0;2474;1336;62;11181;3062;2021;18;2861;0;0;0;0;0;0;0;0;0;0;0;3766;602;269;0;0;0;647;1792;0;0;0
0;0;0;27866;28311;6400;62831;22831;9173;2583;15892;0;0;0;0;0;0;0;0;0;0;0;0;0;0;0;0;0;0;0;0;0;0
0;0;0;1837;230;0;8366;1168;25;0;1496;0;0;0;0;0;0;0;0;0;0;0;0;0;0;0;0;0;0;0;0;0;0
0;0;0;636;284;0;3489;489;197;0;290;0;0;0;0;0;0;0;0;0;0;0;0;0;0;0;0;0;0;0;0;0;0
0;0;0;1799;4182;271;5836;2616;12299;24;686;0;0;0;0;0;0;0;0;0;0;0;0;0;0;0;0;0;0;0;0;0;0
0;0;0;17421;17555;4078;45835;14463;9150;1769;9950;0;0;0;0;0;0;0;0;0;0;0;0;0;0;0;0;0;0;0;0;0;0
0;0;0;2215;3347;68;12952;2190;2349;0;735;0;0;0;0;0;0;0;0;0;0;0;42;0;0;0;0;0;0;0;0;0;0
0;0;0;0;0;0;1096;56;28;0;66;0;0;0;0;0;0;0;0;0;0;0;4174;863;122;0;0;0;1906;825;0;0;0
0;0;0;2634;2676;525;8606;2282;645;20;1566;0;0;0;0;0;0;0;0;0;0;0;0;0;0;0;0;0;0;0;0;0;0
0;0;0;554;4023;21;4225;1071;11188;0;21;0;0;0;0;0;0;0;0;0;0;0;0;0;0;0;0;0;0;0;0;0;0
0;0;0;898;1899;21;4073;655;2162;0;44;0;0;0;0;0;0;0;0;0;0;0;0;0;0;0;0;0;0;0;0;0;0
1084;1084;1084;750;2929;1466;756;910;1073;806;1307;0;0;0;0;0;0;0;0;0;0;0;0;0;0;0;0;0;0;0;0;0;0
0;0;0;1693;0;283;4264;839;0;25;1938;0;0;0;0;0;0;0;0;0;0;0;0;0;0;0;0;0;0;0;0;0;0
0;0;0;1378;0;21;4111;645;0;0;1074;0;0;0;0;0;0;0;0;0;0;0;0;0;0;0;0;0;0;0;0;0;0
0;0;0;0;0;0;0;0;0;0;0;0;0;0;22;73;37;49;0;0;0;0;2976;275;89;0;0;0;767;1101;0;0;0
0;0;0;0;0;0;0;0;0;0;0;0;0;0;0;0;0;0;0;0;0;0;3637;322;0;0;0;0;910;461;0;0;0
0;0;0;1376;688;0;7036;1006;74;0;895;0;0;0;0;0;0;0;0;0;0;0;0;0;0;0;0;0;0;0;0;0;0
879;879;879;647;838;915;1822;2336;1088;682;598;0;0;0;0;0;42;0;0;0;0;0;1351;69;0;0;0;0;547;530;0;0;0
0;0;0;1150;666;0;5035;780;116;0;713;0;0;0;0;0;0;0;0;0;0;0;0;0;0;0;0;0;0;0;0;0;0
0;0;0;0;0;0;0;0;0;0;0;0;0;0;773;1129;524;528;566;355;44;303;11259;2215;1520;409;135;0;3328;4089;0;0;0
0;0;0;4885;6257;238;23404;4183;2913;177;3436;0;0;0;0;0;0;0;0;0;0;0;23;0;0;0;0;0;0;0;0;0;0
0;0;0;24;1406;0;1423;29;2483;0;0;0;0;0;0;0;0;0;0;0;0;0;0;0;0;0;0;0;0;0;0;0;0
1922;1922;1922;3424;2932;5537;7621;2793;4606;3153;4764;1032;1032;1032;289;665;250;760;400;878;390;179;392;419;1768;95;699;0;71;179;0;0;0
384;384;384;436;2244;1278;688;729;822;712;1010;0;0;0;0;0;0;0;0;0;0;0;0;0;0;0;0;0;0;0;0;0;0
0;0;0;0;0;0;0;0;0;0;0;0;0;0;0;0;0;0;0;0;0;0;2085;473;275;0;0;0;481;0;0;0;0
0;0;0;740;475;0;3504;475;28;0;42;0;0;0;0;0;0;0;0;0;0;0;0;0;0;0;0;0;0;0;0;0;0
0;0;0;291;290;0;2492;111;0;0;27;0;0;0;0;0;0;0;0;0;0;0;0;0;0;0;0;0;0;0;0;0;0
30;30;30;0;802;0;362;0;2901;416;722;0;0;0;0;0;0;0;0;0;0;0;0;0;0;0;0;0;0;0;0;0;0
0;0;0;0;0;0;0;0;0;0;0;1640;1640;1640;2101;2802;2612;2326;1424;2620;1545;1892;2334;2444;2578;2147;2453;2419;2183;2431;0;0;0
807;807;807;243;2143;1250;675;571;382;462;931;0;0;0;0;0;0;0;0;0;0;0;0;0;0;0;0;0;0;0;0;0;0
1780;1780;1780;1585;2420;2520;3056;2558;2231;1765;1509;0;0;0;0;0;0;0;0;0;0;0;0;0;0;0;0;0;0;0;0;0;0
1777;1777;1777;1005;1993;1988;1872;1804;1889;2048;2010;0;0;0;0;0;0;0;0;0;0;0;0;0;0;0;0;0;0;0;0;0;0
0;0;0;0;0;0;0;0;0;0;0;22;22;22;0;0;47;0;0;0;20;0;0;0;22;23;0;0;0;49;1897;1897;1897
0;0;0;0;0;0;0;0;0;0;0;0;0;0;0;0;0;0;0;0;0;0;0;0;0;0;0;0;0;0;1912;1912;1912
1707;1707;1707;1731;1727;1755;1570;1951;2082;2021;1739;0;0;0;0;0;0;0;0;0;0;0;0;0;0;0;0;0;0;0;0;0;0
0;0;0;0;0;0;0;0;0;0;0;1987;1987;1987;2731;2456;2272;2029;2456;2669;2220;2492;2464;2263;2275;1939;2441;2527;2195;2208;0;0;0
1959;1959;1959;1149;341;30;0;0;0;0;0;0;0;0;0;0;0;0;0;0;0;0;0;0;0;0;0;0;0;0;0;0;0
