0;0;0;0;0;0;0;0;0;0;0;0;0;0;0;0;0;0;0;0;0;0;0;0;0;0;13.849.338;1.355.427;55.319.363;6.121.632;485.332;22.409.764;21.992.205;15.129.846;8.051.506;16.098.366;20.470.224;13.143.137;27.142.642;10.503.995;20.834.265;43.236.607;6.233.822;18.679.832;11.669.975;23.032.953;20.777.374;1.382.414;57.174.126;24.136.707
8.288.624;6.285.302;35.842.945;43.619.076;20.063.797;20.768.614;0;0;0;21.258.905;5.921.864;19.128.927;1.937.567;5.663.203;4.668.348;15.919.919;73.951.935;450.737;48.192.966;20.537.677;13.670.015;6.547.521;8.250.324;1.971.253;59.076.435;7.027.367;41.517.273;128.794.365;55.650.463;13.792.294;22.706.456;29.064.325;86.876.564;565.503;51.001.183;15.236.973;112.274.254;4.099.763;55.187.077;29.284.744;9.740.214;24.965.935;18.509.229;214.836;18.853.455;39.020.447;44.582.062;5.233.054;6.266.219;53.523.865
0;0;0;0;0;0;0;0;0;0;0;0;59.253.002;0;0;0;0;0;0;0;0;0;0;0;2.864.424;0;0;0;0;0;0;0;0;0;22.232.003;0;0;0;0;0;0;0;0;0;0;0;0;0;0;0
0;0;0;0;0;0;0;0;0;0;0;0;0;0;0;0;0;0;0;0;0;0;0;0;0;0;0;0;18.126.092;0;11.203.005;84.775.024;64.683.606;18.857.793;63.474.274;16.051.432;8.488.971;61.973.965;0;27.416.512;137.599.125;13.403.299;708.795;8.314.714;1.514.525;41.112.045;11.930.229;21.378.098;119.893.105;17.100.797
3.436.474;27.912.976;16.635.059;35.486.032;2.059.563;27.020.142;17.263.622;12.076.802;28.815.033;66.874.506;12.236.002;13.332.191;13.414.884;6.316.428;2.438.433;791.421;1.190.422;11.850.172;17.943.197;12.816.764;1.135.083;552.692;2.847.745;9.615.593;26.494.315;6.644.084;0;0;0;0;0;0;0;0;0;0;0;0;0;0;0;0;0;0;0;0;0;0;0;0
0;0;0;0;33.812.225;0;0;0;0;0;0;0;0;0;0;0;0;0;20.526.735;0;0;0;0;0;0;0;0;14.554.607;0;0;0;0;0;0;0;0;0;28.211.957;0;0;0;0;0;0;0;0;0;0;0;0
70.315.456;17.114.973;9.068.636;2.824.692;18.523.663;14.279.414;13.995.943;21.367.945;30.865.614;49.354.706;38.014.545;50.799.828;55.143.177;3.270.967;32.083.775;47.594.902;45.405.468;38.845.695;24.324.375;40.067.856;57.177.647;51.843.925;4.598.882;5.044.176;4.469.479;25.348.162;0;8.798.259;0;22.283.392;0;0;0;0;0;0;0;4.155.842;0;0;0;0;27.995.558;0;0;0;37.350.665;0;20.694.852;0
10.358.983;73.404.015;27.293.297;67.793.106;6.667.414;61.020.634;57.675.125;12.319.963;4.434.577;20.383.345;14.193.378;16.898.215;14.669.734;13.796.603;550.172;2.616.449;15.654.366;15.575.725;42.187.674;154.832;11.982.751;18.061.421;11.220.966;2.426.583;16.082.309;12.927.882;0;0;0;0;0;0;0;0;0;0;0;48.541.103;0;0;0;0;0;0;0;0;0;0;0;0
0;0;0;0;0;0;0;0;0;0;0;0;0;0;0;0;0;0;0;0;0;0;0;0;0;0;0;50.380.768;16.767.134;7.334.537;0;0;0;0;0;0;0;54.746.323;0;0;0;53.355.255;20.236.382;0;0;0;11.879.293;0;26.980.036;0
9.382.649;0;0;0;0;0;0;0;0;30.216.806;0;0;0;0;0;0;0;0;0;0;0;0;0;0;0;0;0;0;0;0;0;0;0;0;0;0;0;0;0;0;0;0;0;0;0;0;0;0;0;0
6.920.236;29.650.537;16.783.455;5.638.702;20.049.458;5.000.155;59.282.355;705.986;40.244.095;17.396.948;8.808.103;11.631.089;112.448.975;86.677.414;43.509.558;15.697.661;112.834.946;11.327.807;29.717.944;10.025.646;8.449.066;13.819.867;50.306.854;14.623.677;908.039;94.788.475;0;0;0;0;0;0;0;0;0;0;0;0;0;0;0;0;0;0;0;0;0;0;0;0
0;0;0;0;0;0;0;0;0;0;0;0;0;0;0;0;0;0;0;0;0;0;0;0;0;0;4.169.725;3.995.936;118.822.266;11.831.622;0;0;28.285.465;3.602.153;0;0;21.311.947;14.566.614;0;0;0;41.787.083;13.367.314;7.243.219;46.580.486;0;9.250.715;0;8.397.414;24.335.783
0;28.806.873;23.181.655;0;0;0;0;16.943.738;0;3.872.587;1.619.683;18.653.062;20.133.424;21.205.016;2.590.203;28.597.894;22.828.963;22.437.263;19.475.388;20.578.513;18.869.205;24.245.499;14.454.497;25.771.503;25.354.698;19.321.327;12.641.185;2.012.864;24.471.469;29.007.898;22.220.512;24.835.843;30.244.513;18.573.433;24.745.131;2.538.458;27.998.474;21.890.102;18.371.143;20.664.172;20.781.718;24.749.142;27.628.363;3.190.603;2.850.344;17.921.315;2.207.832;25.075.227;13.638.564;27.542.526
30.847.126;25.177.979;731.526;40.552.615;10.862.485;15.911.764;11.447.651;14.078.918;95.561.395;37.123.171;82.182.236;12.915.973;36.364.407;5.482.808;2.186.425;42.271.782;5.360.612;5.431.968;3.974.832;24.077.072;26.892.578;0;15.285.226;886.383;15.535.177;18.334.284;15.638.283;20.701.084;17.189.527;44.863.506;0;11.288.897;74.666.916;0;0;61.579.567;0;0;23.741.684;0;25.477.308;20.249.496;21.177.513;3.765.692;0;49.964.056;6.414.128;0;5.185.152;35.725.945
19.468.918;18.777.318;42.540.973;2.972.791;8.177.202;434.762;77.346.814;61.626.385;69.295.197;8.160.116;43.784.576;13.227.321;32.265.308;8.272.477;68.289.044;8.883.227;58.729.645;73.287.634;5.366.618;7.905.652;73.789.166;90.120.526;7.670.507;88.103.394;85.602.386;43.765.143;48.849.766;2.404.981;21.033.365;25.249.268;31.288.118;32.234.543;16.393.051;54.475.475;44.423.706;0;2.532.986;0;26.831.434;0;2.439.368;0;29.452.448;20.702.229;0;0;0;0;24.748.354;0
38.258.386;38.328.937;50.806.088;44.275.354;42.033.163;37.319.052;30.271.237;35.047.583;36.283.755;9.439.893;9.616.728;62.668.995;49.431.458;7.601.913;98.761.734;87.678.314;52.235.626;78.471.596;9.412.861;9.387.348;104.103;12.706.508;117.608.826;17.908.202;13.406.111;121.954.956;34.140.256;35.365.082;38.696.725;4.486.632;34.530.264;35.049.393;45.122.217;34.810.953;37.748.892;3.304.226;4.333.069;39.574.594;3.191.259;28.812.524;25.814.355;43.467.926;37.881.766;47.083.203;50.131.345;39.784.946;36.588.702;4.330.258;2.644.209;51.540.546
26.850.763;2.913.699;33.222.607;31.084.424;34.206.848;29.432.516;32.814.423;2.939.779;29.471.164;33.022.574;28.727.258;2.895.157;25.487.326;33.952.188;33.051.086;40.531.955;33.815.552;32.598.477;28.699.615;33.610.495;32.630.548;32.603.897;33.467.886;37.527.448;3.735.381;28.158.472;12.525.835;10.568.129;12.414.617;12.335.936;11.351.889;12.718.417;7.333.816;11.273.974;8.734.679;13.784.578;5.827.928;87.890.274;12.864.647;9.588.072;2.677.392;15.033.934;8.766.546;11.656.061;9.840.662;5.537.345;10.843.171;8.023.592;69.349.945;904.855
4.922.506;31.117.897;86.056.984;46.939.594;56.673.412;25.111.944;29.787.588;40.781.197;441.696;15.695.738;871.757;8.025.379;64.448.074;10.422.205;15.346.263;1.322.519;10.690.075;13.119.919;9.628.916;109.286.964;10.025.442;13.189.822;47.837.894;119.139.534;127.571.335;9.914.587;7.361.009;833.094;11.005.146;18.157.338;1741.16;8.314.107;21.398.945;8.451.903;100.803.265;16.293.436;14.158.683;10.589.601;8.401.271;6.057.555;636.433;18.368.955;17.897.659;25.309.592;1.726.194;9.502.392;8.816.166;16.736.372;5.448.779;14.967.297
7.286.503;2.932.737;8.751.155;12.299.275;105.150.635;6.467.117;6.700.685;6.406.827;92.854;2.396.803;0;0;0;0;0;0;0;18.746.619;0;0;35.529.438;28.066.587;0;52.272.526;57.944.856;14.959.425;15.988.753;20.674.828;22.920.836;2.046.002;16.257.109;19.029.482;34.514.838;20.755.466;24.753.925;20.243.835;22.865.822;27.041.806;14.272.612;17.430.664;15.816.609;3.089.995;23.380.461;27.408.096;31.093.863;14.031.464;19.641.751;1.814.425;14.970.282;25.886.273
0;0;0;0;17.306.386;0;0;0;0;9.580.036;49.056.604;40.143.555;46.532.227;52.014.276;65.845.844;6.438.114;59.299.915;55.213.544;45.140.683;5.113.206;43.800.262;5.975.635;3.887.277;6.365.529;5.675.901;47.409.625;21.135.858;49.237.997;2.855.363;51.105.396;4.428.614;48.690.228;5.510.947;5.503.945;23.354.398;5.204.715;3.123.902;23.543.614;28.458.865;25.753.287;26.877.747;49.129.483;3.010.488;5.906.942;56.086.633;5.653.885;29.254.968;2.904.361;26.574.683;6.554.938
0;0;0;0;0;0;0;0;0;0;0;0;0;0;0;0;0;0;0;0;0;0;0;0;0;0;12.787.172;40.965.853;14.954.712;8.084.445;74.281.664;22.566.366;9.521.973;17.748.964;39.455.476;23.558.555;22.049.923;7.163.334;16.817.539;0;5.985.185;2.756.995;79.344.497;7.919.161;15.106.794;4.024.473;17.890.749;22.888.565;5.663.032;11.720.355
25.022.945;24.736.372;37.160.794;2.941.016;292.077;22.842.743;19.749.907;20.467.502;2.421.859;93.984.766;4.812.416;3.913.042;45.479.996;50.994.714;18.449.971;2.045.342;573.566;5.425.546;4.351.699;49.185.657;43.062.708;58.346.356;3.828.661;17.680.936;15.962.813;46.922.272;15.129.546;2.285.446;35.594.805;2.724.543;2.525.765;2.502.743;40.855.642;23.164.395;21.976.545;3.640.346;40.711.445;2533.62;2.198.327;20.105.509;19.330.184;27.337.708;39.469.187;5.087.246;33.102.905;21.985.847;19.315.184;40.732.627;17.686.085;4.670.242
0;0;0;0;0;0;0;0;0;0;0;0;0;0;0;0;0;0;0;0;0;0;0;0;0;0;0;29.763.416;5.083.132;14.523.808;42.823.682;9.407.349;6.289.844;57.608.727;8.788.344;7.795.312;112.403;68.154.106;39.247.013;15.025.494;15.804.495;12.907.283;779.516;95.854.254;9.099.501;10.011.513;9.693.111;9.176.991;7.129.004;14.081.555
16.425.656;15.188.773;7.426.423;10.646.571;11.177.927;12.794.895;15.281.673;9.004.445;10.191.515;1.731.809;3.349.972;27.362.976;6.271.695;41.354.465;77.377.716;6.542.575;1.616.471;81.905.205;56.616.295;21.409.782;6.440.033;5.544.513;45.393.654;8.298.233;7.101.275;74.161.064;25.395.374;29.422.363;12.903.679;34.024.896;0;0;0;0;0;0;0;0;17.874.924;22.044.505;5.864.471;17.499.127;0;0;0;0;0;0;0;0
75.988.846;60.942.963;18.360.588;16.657.822;14.113.354;15.656.824;20.824.625;45.670.635;19.277.304;4.960.638;24.912.077;48.598.706;4.882.403;6.763.053;51.612.305;72.834.467;31.642.404;68.645.483;57.341.284;36.150.717;42.029.904;725.246;62.050.867;73.802.325;54.708.527;2.808.328;5.909.012;6.556.406;9.097.592;8.034.327;44.658.985;39.692.104;17.017.166;3.508.786;219.281;7.608.731;52.369.938;0;58.480.057;3.269.793;9.942.346;4.228.678;77.957.184;4.302.206;0;3.104.374;2.594.294;11.963.042;2.372.448;45.348.747
29.223.758;2.669.355;42.923.985;7.634.935;53.487.923;4.737.097;43.373.314;9.811.573;3.589.103;26.635.287;0;0;0;0;0;0;0;0;0;0;0;0;0;0;0;0;0;0;0;0;0;0;0;0;0;0;0;0;0;0;0;0;0;0;0;0;0;0;0;0
0;0;0;0;0;0;0;0;0;0;0;0;0;0;0;0;0;0;0;0;0;0;0;0;0;0;10.854.541;11.220.177;12.922.453;14.876.184;1.400.588;10.289.808;17.671.124;15.209.903;14.521.281;11.812.371;15.015.106;18.245.299;10.705.524;63.584.282;53.273.563;17.986.647;16.610.547;21.120.229;17.019.807;75.242.775;12.297.299;123.306.305;8.935.567;1.693.602
12.070.676;11.179.036;1.481.366;11.492.644;13.821.944;1.038.578;7.883.936;9.964.567;11.640.152;45.753.812;22.089.284;1.978.158;2.046.335;2.360.906;31.251.086;2.949.653;27.541.458;24.510.019;1.988.843;20.888.618;20.534.337;27.066.403;18.329.039;28.117.593;27.057.092;19.462.206;76.037.134;7.762.558;102.393.756;11.059.696;80.725.336;8.939.419;10.161.433;94.202.405;10.323.419;9.201.324;1.056.933;8.710.695;87.663.165;7.634.859;69.770.557;10.626.338;10.652.897;13.617.147;13.862.301;83.801.196;87.598.193;10.271.917;6.161.625;11.675.934
1.476.211;33.968.497;0;6.111.979;0;0;0;6.063.987;0;283.664;0;0;0;0;0;0;0;0;0;0;0;0;0;0;0;0;0;0;0;0;0;0;0;0;0;0;0;0;0;0;0;0;0;0;0;0;0;0;0;0
39.704.037;31.043.545;8.567.799;9.949.064;91.274.574;15.251.291;16.183.536;39.604.958;15.523.392;88.378.105;79.203.354;11.998.431;15.217.345;104.557.724;12.746.528;97.402.885;11.200.337;9.904.451;11.788.758;13.504.747;13.150.143;11.257.593;10.936.497;11.320.548;11.883.895;125.594.604;1.279.517;13.772.351;15.608.606;16.020.143;16.740.989;17.318.682;17.246.759;16.903.616;17.875.814;16.942.751;17.633.484;17.249.628;17.835.558;16.759.061;17.281.764;18.330.492;19.621.249;18.681.101;17.062.324;18.407.448;18.160.735;17.004.631;17.942.388;1.713.701
36.360.583;3.569.705;45.744.922;38.172.415;39.737.653;3.410.615;2.791.074;33.360.364;36.698.273;28.201.227;19.365.422;13.801.794;13.095.282;16.288.805;20.943.082;20.350.148;21.810.352;22.101.842;16.057.874;17.557.114;13.615.862;21.026.968;13.625.162;25.371.144;19.678.586;16.684.384;10.980.697;13.522.809;13.767.474;1.994.356;15.007.083;2.308.556;23.764.678;2.149.418;1.876.912;21.827.808;24.154.373;20.933.086;14.902.052;13.647.267;18.931.901;24.638.347;23.373.806;24.392.595;27.228.127;881.523;21.409.734;23.791.729;17.400.363;29.315.212
7.421.504;10.704.945;9.848.215;10.060.674;23.157.473;24.515.652;0;0;0;19.126.167;4.498.925;63.211.994;21.715.158;50.535.576;8.705.882;42.222.744;10.421.026;13.511.026;36.121.517;49.664.288;6.792.345;4.175.422;56.839.214;10.841.416;57.010.487;35.969.913;10.486.182;37.834.622;719.334;39.482.675;23.827.157;17.258.059;0;3.858.059;79.172.897;23.324.963;46.639.793;6.479.797;13.365.022;15.841.452;39.811.905;73.749.535;9.633.573;0;0;27.541.744;3.866.678;21.560.215;28.935.823;60.706.238
0;0;2.713.048;0;0;0;0;0;0;6.186.481;5.235.555;52.704.065;51.200.586;59.996.375;5.341.449;5.357.831;48.685.376;50.937.775;3.950.724;5.405.726;57.855.585;5.161.292;55.613.684;52.236.053;4.829.005;44.376.315;0;0;0;0;0;0;0;0;0;0;0;0;0;0;0;0;0;0;0;0;0;0;0;0
0;0;0;0;0;0;0;0;0;0;0;0;0;0;0;0;0;0;0;0;0;0;0;0;0;0;66.895.967;0;2.045.268;55.423.523;16.542.216;12.621.341;10.655.984;35.176.907;578.857;25.597.278;15.353.772;74.635.605;22.900.034;3.229.568;449.727;0;5.339.826;0;4.101.591;0;0;8.168.864;7.208.496;17.754.332
34.918.976;3.183.526;43.022.855;38.894.543;3.886.479;34.617.657;2.644.863;32.270.175;3.304.663;55.055.363;43.522.804;13.094.616;32.618.557;1.881.361;5.154.613;644.769;17.515.144;53.746.998;3.783.151;17.276.669;6.687.601;89.770.874;7.869.837;13.413.103;98.890.594;8.453.641;26.278.445;34.580.344;33.220.914;34.934.534;3.332.586;31.560.318;41.693.124;23.998.953;3.339.238;31.182.043;40.767.728;32.993.808;3.229.526;23.038.597;31.757.715;330.346;3.341.321;47.962.985;33.029.843;31.228.732;26.162.207;38.681.125;18.543.723;39.631.503
23.316.594;20.947.854;21.758.352;2.131.971;2.128.679;15.626.149;19.591.248;2.236.515;20.540.396;35.106.902;32.269.714;35.545.793;3398.79;32.902.478;31.497.542;3.517.604;31.454.001;32.778.792;31.764.531;30.563.484;31.092.302;31.899.937;31.050.208;31.584.485;32.056.929;32.035.105;5.418.834;3.697.167;54.274.774;66.546.735;38.355.865;7.363.661;5.912.317;5.740.719;536.901;58.388.617;48.253.345;5.475.751;5.340.677;5.077.661;5.265.337;5.035.902;35.378.055;56.880.676;38.730.972;4.332.572;58.771.497;43.908.618;5.650.938;5.869.074
0;0;0;0;0;0;0;0;0;0;0;0;0;0;0;0;0;0;0;0;0;0;0;0;0;0;1.471.438;11.538.889;21.324.574;54.187.546;15.687.987;9.056.872;62.302.094;19.147.535;4.879.735;24.975.985;7.304.892;13.086.613;7.063.793;19.519.516;78.582.444;4.375.275;10.122.614;8.266.985;8.788.375;8.791.512;1.740.784;6.007.664;58.125.538;15.830.116
12.202.257;16.117.819;4.452.555;4.957.691;47.952.232;3.534.204;6.858.293;77.152.756;4.441.867;5.302.034;52.437.096;3.456.711;70.556.015;51.160.156;63.967.342;57.550.495;7.879.314;6.480.478;49.024.372;6.734.047;49.033.752;49.834.404;42.454.605;59.087.086;49.330.276;53.208.122;32.420.325;34.777.087;34.031.308;33.393.024;39.025.906;40.238.675;31.639.676;44.568.008;50.602.945;4.456.678;40.337.494;44.420.975;48.169.296;45.210.498;38.500.198;40.673.578;40.386.685;37.191.412;39.046.497;49.685.635;41.640.466;40.496.024;47.375.082;38.281.082
49.197.815;8.944.936;11.822.226;1.416.297;6.923.744;11.912.707;100.642.685;10.965.374;12.828.635;22.456.532;0;0;0;0;0;0;0;0;0;0;30.990.509;7.685.301;0;4.608.211;8.271.989;15.662.651;20.078.381;2.983.855;30.662.103;26.189.337;23.304.301;22.153.929;37.968.854;28.827.597;29.206.528;26.341.312;28.755.902;30.156.363;20.556.133;2.064.122;17.413.742;36.403.387;2.931.564;37.041.504;3.353.147;11.359.608;24.008.781;25.178.691;18.550.874;30.745.013
18.598.565;14.367.754;35.067.463;3.107.985;21.451.914;6.362.013;0;18.903.435;19.756.458;14.697.888;8.701.921;2.213.566;67.172.165;7.002.398;8.485.374;98.153.854;8.146.751;50.468.918;60.078.724;5.707.286;3.861.359;9.251.135;3.469.061;79.126.495;83.334.145;47.742.672;36.806.946;3.605.233;4.545.191;5.490.666;45.204.224;46.147.055;512.973;33.322.705;46.212.466;4.646.199;58.754.114;464.791;4.318.563;4.137.382;3.156.504;41.654.752;5.074.673;6.940.977;65.308.246;42.246.344;4.650.964;4.796.956;31.152.808;5.331.881
0;0;0;0;0;0;0;0;0;0;0;0;0;0;0;0;0;0;0;0;0;0;0;0;0;0;8.454.095;0;3.542.112;0;0;71.208.963;0;0;0;0;0;0;0;0;0;2.160.865;7.669.996;0;0;0;0;0;27.837.086;0
0;0;0;0;0;0;0;0;0;0;0;0;0;0;0;0;0;0;0;0;0;0;0;0;0;0;59.651.318;25.035.515;88.684.105;7.397.841;4.787.231;56.645.653;68.401.886;8.774.048;6.211.195;70.309.896;37.015.677;5.418.701;7.890.556;22.228.683;8.374.056;13.272.457;7.051.348;10.762.085;10.217.632;11.096.116;41.671.104;65.186.615;69.539.604;4.251.305
0;0;39.245.598;11.713.085;23.000.195;72.160.487;15.685.917;20.890.071;19.354.182;6.034.191;20.751.041;2.635.218;31.754.184;23.274.857;42.363.004;78.116.345;5.240.272;33.935.727;7.586.475;7.763.689;29.488.035;3.593.319;30.186.235;8.786.644;50.424.667;43.222.034;5.429.122;585.107;6.833.373;7.096.425;7.145.555;8.001.817;77.415.436;7.733.641;6.761.349;6.607.332;71.123.315;7.590.524;6.525.553;6.311.889;71.611.865;72.619.324;8.906.955;7.389.556;79.790.326;69.292.944;704.872;8.628.307;68.366.595;85.469.617
18.560.571;19.023.024;30.508.084;24.082.285;22.480.261;19.084.251;14.273.236;18.405.841;18.614.766;19.736.023;3.621.085;26.773.752;326.66;32.706.424;16.685.812;44.539.636;3.940.085;34.903.766;30.928.314;32.906.058;28.769.037;37.756.766;241.579;44.719.125;38.090.097;28.605.865;8.210.428;9.865.183;1.098.758;20.141.826;9.476.439;18.154.923;22.150.486;1.670.856;12.167.427;18.506.057;21.122.078;96.344.165;10.159.977;13.055.613;83.005.176;10.808.917;19.267.682;25.194.336;23.540.962;10.488.119;10.368.998;12.551.855;6.446.686;13.969.076
6.124.885;3.220.848;5.923.606;7.982.757;29.744.705;88.445.625;53.159.683;46.818.237;32.540.707;59.503.357;44.436.657;18.741.001;4.540.928;100.495.476;0;53.951.538;585.131;0;9.523.196;6.450.921;10.901.394;21.080.313;18.355.488;63.049.064;10.821.692;104.465.416;16.253.789;1.404.504;14.937.434;18.943.584;21.868.492;5.641.932;0;2.171.993;54.241.455;1.092.169;252.271;0;16.026.423;19.536.835;79.067.084;15.683.885;30.577.147;56.670.242;27.934.055;21.293.124;0;14.742.538;1.455.669;15.604.509
97.920.715;8.311.618;9.975.923;11.595.784;8.999.966;7.935.109;7.277.958;8.096.152;80.674.934;15.551.224;9.714.091;11.501.701;91.365.845;96.497.955;12.108.209;101.332.954;10.626.013;7.826.773;14.473.543;98.030.136;8.954.637;11.530.783;85.002.106;119.151.115;10.593.357;97.591.705;0;5.099.433;0;0;0;0;0;0;0;0;0;13.435.489;0;0;0;0;12.446.489;0;0;0;3.828.667;0;8.322.348;0
10.473.203;73.840.564;8.184.054;8.676.326;73.064.087;7.477.234;56.306.665;53.474.945;44.310.303;13.354.849;4.809.232;58.336.774;47.974.966;50.789.563;4.699.958;4.462.017;48.138.275;5.436.743;6.553.365;5.722.109;6.772.201;4.783.759;4.784.714;49.746.823;6.088.288;5.333.014;7.860.606;20.846.172;69.115.625;17.796.665;0;0;0;18.747.418;59.151.597;0;0;24.463.722;40.362.735;35.377.487;2.553.233;47.545.938;6.419.697;0;0;0;3.070.209;0;8.788.873;0
14.073.366;14.554.362;70.254.524;22.170.964;19.072.075;1.667.485;12.504.905;7.996.667;10.046.071;36.096.207;11.674.713;15.275.496;1.182.692;112.448.074;11.247.272;9.822.484;11.416.783;7.006.846;1.702.632;16.446.027;88.206.894;7.462.773;12.979.805;12.511.316;15.106.729;13.934.981;25.824.875;7.129.197;17.728.078;5.521.484;0;0;0;0;0;0;0;3.440.699;105.848.305;51.816.242;8.570.464;14.180.043;0;0;0;0;21.233.532;0;0;0
13.621.651;31.886.562;6.701.824;74.162.994;8.572.367;54.159.763;16.982.866;5.432.055;23.828.018;8.185.281;28.970.005;36.301.517;6.287.883;60.078.186;5.518.995;50.445.026;7.928.289;89.418.106;44.682.976;45.750.805;651.066;7.919.595;4.220.185;5.344.195;12.939.214;51.515.938;30.851.587;3.859.125;4.840.077;47.674.664;5.142.672;46.926.224;535.91;41.438.617;5.137.802;4.660.233;5.657.235;57.923.724;50.332.043;45.535.992;44.030.634;5.001.937;54.151.465;60.249.335;6.169.015;5.505.559;58.399.927;5.408.374;457.602;47.364.783
8.083.687;11.295.578;15.329.424;14.902.245;19.856.403;9.664.415;51.039.757;7.997.013;1.523.345;8.031.233;4.287.349;41.815.784;80.666.176;7.407.039;61.011.814;8.997.763;56.027.813;75.342.285;5.334.316;30.561.436;3.660.025;8.986.372;8.316.561;11.754.012;57.620.197;31.463.339;52.555.383;93.205.414;76.584.875;6.100.008;94.756.604;11.664.304;10.761.185;10.799.767;6.253.334;1.214.584;12.026.678;12.297.528;976.106;8.957.954;12.022.727;1.448.125;14.447.457;12.158.536;15.476.515;11.253.768;11.996.442;12.520.559;9.577.122;16.435.382
0;0;1.949.516;0;0;0;0;22.753.708;2.176.621;0;0;0;0;0;0;0;0;0;0;0;0;0;0;0;0;0;3.047.184;7.428.429;63.059.452;4.545.626;6.257.062;19.579.448;9.271.217;15.723.729;976.301;32.070.347;56.445.844;13.268.501;27.940.723;7.546.566;18.164.171;3.748.497;4.485.945;12.451.548;1273.33;15.561.205;42.546.257;8.848.445;17.018.022;4.160.391
0;0;0;0;0;0;0;0;0;0;0;0;0;0;0;0;0;0;0;0;0;0;0;0;0;0;0;2.383.165;0;0;0;0;0;0;0;0;0;21.468.765;0;0;0;0;0;0;0;0;7.859.442;0;0;0
3.974.335;37.607.248;3.918.108;4.401.209;36.711.755;34.633.835;307.069;26.794.696;2.953.678;68.810.016;52.694.257;5.364.981;47.153.995;5.615.774;6.845.599;6.590.985;5.804.324;4.883.626;57.065.533;59.368.646;59.174.054;5.966.299;49.959.177;624.322;6.512.374;5.803.037;13.257.652;21.339.662;21.644.423;3.310.204;0;0;114.407.425;0;0;0;0;48.990.063;0;0;0;16.868.319;7.729.201;1.715.159;48.893.555;0;61.285.657;0;5.462.107;19.989.319
0;0;0;0;0;0;0;0;0;3.284.911;38.949.725;19.989.473;38.083.975;35.869.257;18.033.789;35.681.772;19.070.476;40.676.358;4.195.103;4.123.122;45.588.763;37.763.586;20.101.169;2.121.606;36.881.378;38.173.865;0;19.974.921;0;0;0;0;0;0;0;0;0;0;0;0;0;0;0;0;0;0;0;0;0;0
0;0;0;0;0;0;0;0;0;0;0;0;0;0;0;0;0;0;0;0;0;0;0;0;0;0;44.361.853;39.630.707;1.539.781;49.689.307;14.547.101;4.317.699;33.568.317;34.764.424;96.174.915;25.458.496;4.067.551;99.222.034;2.079.413;6.243.756;521.724;9.627.341;5.461.222;30.601.453;6.283.534;3.681.676;232.898;16.650.879;6.692.224;14.921.484
5.860.579;6.908.069;10.532.001;9.097.641;76.527.916;5.121.499;49.518.143;38.423.294;40.055.122;20.363.977;12.263.637;8.395.229;9.262.299;11.852.803;13.052.362;14.821.486;11.694.061;11.135.392;10.140.477;10.199.635;89.636.215;12.801.073;4.508.299;15.164.706;120.777.695;8.920.023;36.174.893;40.787.427;39.728.986;5.280.889;49.883.444;41.945.724;50.176.245;36.818.588;38.702.783;44.426.135;4.481.188;46.761.255;35.465.454;36.607.227;29.274.728;40.347.333;4.415.221;56.269.116;63.826.544;45.441.577;34.806.863;43.185.385;28.898.666;44.371.097
17.263.415;13.748.554;40.392.656;47.708.054;23.496.604;39.611.444;17.214.009;38.158.581;19.849.036;131.622.715;0;0;0;0;0;0;19.033.705;0;0;28.975.186;17.571.185;0;0;6.153.839;0;20.996.618;22.207.344;26.792.853;26.541.153;2.639.667;2.436.274;25.753.842;3.303.901;23.000.462;29.876.367;22.654.681;28.619.775;26.359.528;21.376.645;21.122.406;22.852.858;24.495.224;3.070.769;35.897.614;333.271;21.646.742;26.814.526;2.631.784;14.122.148;26.628.632
15.221.388;17.550.351;16.829.604;16.070.782;16.905.133;16.967.516;16.867.511;17.912.813;16.152.107;0;0;0;0;0;0;0;0;0;0;0;0;0;0;0;0;0;0;0;0;0;0;0;0;0;19.743.439;0;0;0;0;0;0;0;0;0;0;0;0;0;0;0
0;78.259.106;18.627.903;56.630.077;20.952.257;3.375.129;18.279.351;17.297.598;26.737.514;9.358.438;0;0;0;0;0;18.160.228;0;0;0;0;0;14.362.852;0;0;0;0;18.958.803;26.711.243;2.791.642;25.983.932;26.953.903;4.158.274;3.032.503;2.440.108;24.236.942;3.796.338;62.594.904;37.419.537;31.992.386;2.084.399;36.606.677;45.316.077;31.514.752;38.686.224;7.258.446;20.924.702;4.259.568;28.613.968;30.803.464;4.386.624
0;0;0;0;0;0;0;0;0;6.443.994;26.323.273;2.997.505;24.368.199;2.965.836;3.045.811;25.354.573;2.881.319;29.472.598;35.937.772;33.165.356;429.013;3.767.457;2.026.291;30.634.055;39.504.312;37.223.895;0;0;0;0;0;0;0;0;0;0;0;0;0;0;0;0;0;0;0;0;0;0;0;0
34.734.848;26.663.022;28.213.513;30.375.668;23.792.004;25.105.846;8.756.018;35.320.873;11.154.496;0;0;0;0;0;0;0;0;0;0;0;0;0;0;0;0;0;44.233.017;9.172.154;30.770.465;94.685.657;0;20.050.735;0;17.963.875;12.253.651;32.153.797;25.975.792;22.871.597;37.927.448;38.740.454;9.885.356;2.722.971;60.458.553;0;0;2.273.536;15.333.986;7.918.571;14.353.233;21.972.612
17.530.071;62.661.123;8.529.015;32.978.104;16.335.682;92.098.055;41.195.173;26.506.613;19.155.058;37.674.718;18.925.581;0;0;0;17.678.151;0;0;0;0;0;0;19.680.035;0;81.310.835;57.205.124;17.009.413;13.532.774;40.230.978;6.358.761;65.893.134;11.796.865;73.523.584;17.473.752;5.906.146;5.357.552;87.790.146;10.300.785;6.963.506;6.052.926;105.401;44.748.158;60.344.354;7.648.155;22.171.074;21.466.367;80.340.424;79.050.525;52.865.985;5.489.515;7.612.369
90.157.814;13.773.138;20.773.024;20.065.085;21.278.441;21.666.678;22.433.577;19.753.625;18.870.474;14.687.308;77.753.784;1.417.177;11.779.902;1.552.716;14.156.113;17.659.503;13.670.222;15.163.565;12.353.868;13.187.344;14.324.448;16.924.057;126.768.425;16.264.262;15.546.965;120.790.245;10.786.904;12.782.701;12.779.764;13.233.549;14.770.231;15.972.705;14.096.948;14.928.206;16.704.454;1.762.388;16.997.186;17.309.009;15.737.643;15.691.759;14.987.661;14.895.244;16.649.379;17.171.062;17.222.643;18.151.069;17.426.497;16.077.745;15.907.272;15.482.926
0;6.379.263;63.556.164;55.784.554;5.075.379;51.283.745;59.226.265;3.692.009;2.950.175;0;0;0;0;0;0;0;0;0;0;0;0;0;0;0;0;0;17.500.114;29.456.702;4.187.485;18.785.744;35.968.167;771.324;4.248.965;3.392.063;28.811.475;3.089.851;27.575.858;42.210.876;35.452.554;26.332.617;11.642.828;26.504.626;31.402.246;2.968.678;378.068;2.963.069;8.131.088;30.533.945;28.887.073;32.334.354
0;0;0;0;36.121.128;0;0;0;0;0;0;0;0;0;0;0;0;0;0;0;0;0;0;0;0;0;39.844.775;3.860.521;0;0;0;0;17.390.733;0;0;0;0;2.996.898;0;0;0;0;0;0;0;0;0;0;0;0
51.273.487;728.548;11.804.581;5.026.219;781.431;10.408.596;9.827.356;9.399.513;10.137.722;36.739.044;4.764.159;40.218.834;33.012.577;31.031.733;24.850.933;57.610.176;23.755.474;34.216.568;19.915.066;4.972.429;23.452.314;5.873.381;3.560.003;52.536.026;56.612.644;23.645.374;1.678.662;2.699.213;33.512.766;28.093.723;498.459;3.757.352;5.324.044;50.959.116;48.344.144;5.313.676;5.925.188;53.395.447;37.331.345;4.283.687;5.732.553;60.003.973;6.098.489;57.302.094;49.176.004;51.141.205;58.106.335;58.289.233;39.412.332;71.079.114
26.954.746;823.134;26.329.675;13.290.048;37.778.223;11.666.676;7.828.661;51.069.233;996.992;59.580.493;727.305;101.776.924;9.565.109;23.223.373;10.771.225;7.642.519;44.879.135;15.627.449;10.679.051;22.761.299;13.644.456;6.169.958;65.418.495;6.107.393;26.657.758;11.030.058;12.338.063;19.668.824;1.378.412;1.444.605;17.097.563;22.549.092;17.322.706;22.258.342;1.343.429;23.117.917;24.821.663;2.140.068;15.845.575;13.190.062;18.419.187;27.648.167;26.284.407;21.373.633;3.082.873;16.202.493;20.129.001;2.407.316;13.417.833;35.775.417
13.425.717;7.892.817;11.952.429;13.474.585;11.330.846;124.842.354;12.428.062;66.404.724;63.520.683;315.661;121.399;70.892.204;1.072.599;16.838.959;16.729.451;14.270.294;15.794.194;15.712.302;22.236.221;1.799.554;19.203.845;21.048.463;7.137.573;14.208.154;21.103.156;15.880.783;25.028.401;4.843.215;13.504.515;5.206.814;48.421.593;31.519.184;55.673.676;6.213.356;22.148.043;75.500.135;29.597.527;10.477.345;19.312.987;24.914.032;54.292.065;25.091.847;10.747.475;9.683.722;29.020.754;6.831.356;44.708.965;39.757.057;4.306.456;3.252.731
35.618.494;21.696.771;2.442.268;24.556.007;3.110.707;13.212.314;24.483.202;29.110.403;2.681.752;7.871.633;0;0;0;0;0;0;0;0;0;0;0;0;0;0;0;0;0;0;0;0;0;0;0;0;0;0;0;0;0;15.309.064;0;0;0;0;0;0;0;0;0;16.964.927
51.817.745;5.617.454;4.346.358;29.659.231;4.127.125;49.975.063;69.329;7.238.687;10.290.396;6.652.127;58.602.398;20.303.645;31.765.643;22.848.401;11.893.845;8.552.001;24.062.747;18.971.703;12.889.163;39.506.525;23.949.533;6.134.616;24.462.589;58.108.636;6.286.198;8.268.312;18.710.367;22.367.516;28.721.866;39.583.798;44.911.743;3.164.877;3.902.655;62.414.386;1.293.674;50.722.064;6.411.752;33.251.147;15.577.863;20.474.088;5.251.008;88.750.885;31.556.232;47.780.307;9.035.294;40.254.544;50.006.863;60.601.495;30.715.906;11.123.064
0;0;0;0;0;0;0;0;0;0;0;0;0;0;0;0;0;0;0;0;0;0;0;0;0;0;0;3.085.369;0;0;0;0;0;0;0;0;0;22.068.975;0;0;0;0;0;0;0;0;9.200.892;0;0;0
23.838.219;10.730.392;73.289.685;16.413.089;8.086.866;17.753.038;1.558.213;12.337.166;20.739.476;13.124.915;40.027.313;71.980.115;7.732.092;10.401.692;77.079.224;14.608.673;7.134.114;77.995.667;79.128.656;10.762.213;71.590.753;12.005.543;8.034.704;11.821.221;10.737.976;4.872.491;116.221.886;15.650.754;11.015.054;1.778.604;15.974.193;16.452.444;1.722.014;20.524.323;59.845.932;2.209.468;28.247.308;18.254.457;12.387.172;13.725.655;16.740.846;25.045.319;40.289.398;17.651.631;23.642.542;8.793.525;16.854.793;23.074.356;12.058.825;29.826.184
0;0;0;0;0;0;0;0;0;0;0;0;0;0;0;0;0;0;0;0;0;0;0;0;0;0;0;8.999.939;0;0;0;0;0;0;0;0;0;6.784.199;0;0;0;0;0;0;0;0;28.069.714;0;0;0
14.893.625;80.886.925;10.542.597;14.253.635;11.906.368;10.519.555;15.906.021;1.084.702;9.096.358;60.174.416;0;0;0;0;0;0;0;31.727.576;0;15.305.327;5.651.755;950.722;2.327.608;39.138.428;45.016.056;46.022.614;21.771.739;26.588.293;17.466.806;26.493.454;0;0;0;0;0;18.884.927;0;0;21.040.123;16.856.075;26.411.777;19.198.083;0;0;0;0;0;0;0;0
15.107.938;20.109.601;58.973.694;1.853.321;25.645.776;21.406.343;20.787.125;17.048.787;23.158.115;81.036.964;40.314.377;8.347.984;7.054.527;115.015.366;58.025.913;1.620.493;67.250.916;30.033.543;7.720.918;12.717.069;5.972.609;12.791.957;52.460.102;1.194.447;10.863.754;47.249.683;13.124.332;17.592.388;1.555.139;17.360.446;19.143.966;22.030.784;20.462.927;22.174.626;17.404.202;2.337.186;25.004.119;22.609.604;2.038.226;18.789.781;2.204.893;2.574.192;2.457.786;25.069.358;25.490.981;19.539.176;23.858.247;25.745.398;18.046.332;29.371.743
13.815.625;1.084.832;7.082.365;11.006.407;104.368.095;7.314.114;11.305.643;781.471;7.286.563;0;0;0;0;0;0;0;0;0;0;0;0;0;0;0;0;0;49.208.496;24.047.874;8.041.705;23.342.259;19.457.469;3.584.816;0;24.228.058;20.588.155;41.044.464;18.033.707;72.605.653;9.949.408;12.597.779;25.343.555;34.295.586;61.181.526;24.685.001;23.664.162;0;21.916.698;22.770.245;22.434.258;11.721.067
16.941.959;45.579.975;34.436.165;35.611.706;9.516.092;32.219.574;20.389.507;25.118.618;21.044.147;100.042.595;4.177.401;12.113.424;9.212.458;30.599.922;4.092.361;45.054.028;28.460.968;39.403.988;3.390.858;24.557.611;2.908.982;46.538.113;2.540.184;47.257.786;48.366.383;77.357.583;2.557.628;10.846.494;6.405.796;15.233.264;7.070.582;296.834;9.004.209;13.509.557;114.961.845;20.206.635;10.619.104;14.121.954;27.250.854;27.515.953;17.840.488;30.476.886;46.335.004;12.992.976;48.089.798;72.191.246;14.695.479;11.794.222;22.247.148;31.402.603
25.826.052;31.100.898;8.412.751;4.027.904;10.110.986;4133.34;42.489.805;27.291.177;38.302.927;8.836.121;28.195.278;4.325.026;4.777.576;7.062.798;4.580.213;10.959.918;43.558.984;5.023.373;47.620.483;7.607.533;48.263.745;9.038.954;4.469.142;81.603.403;78.791.533;34.097.463;17.339.113;25.343.418;19.721.256;21.268.266;26.274.676;34173.85;25.163.416;33.835.195;16.650.629;32.890.207;36462.65;31.007.752;23.192.629;18.730.334;27.690.406;44.313.805;40349.41;32.746.299;47.819.203;22.103.768;30682.71;34561.33;17.882.062;57.738.188
0;0;0;0;0;0;0;0;0;39.289.834;0;14.827.097;12.377.479;28.426.736;21.077.644;5.438.715;17.011.295;20.326.921;16.766.986;35.141.135;19.613.156;3.911.575;2.144.534;4.078.372;32.108.855;29.547.696;0;0;0;0;0;0;0;16.124.209;0;15.203.899;16.555.002;0;0;0;14.178.605;32.544.087;31.181.587;0;18.242.102;0;14.539.429;15.225.875;0;37.547.246
42.947.056;56.164.223;101.350.334;596.705;73.758.095;73.558.395;31.805.834;51.707.302;8.033.113;2.718.934;0;0;0;17.785.673;0;8.650.093;0;0;0;100.428.505;10.578.057;71.713.405;99.989.195;15.862.221;51.449.404;0;2.097.731;3.155.342;30.403.616;28.484.048;4.061.879;4.292.267;31.805.896;37.601.962;24.923.856;39.456.497;44.029.752;35.964.087;28.269.293;36.458.435;34.151.834;43.966.678;37.577.338;37.033.655;85.621.375;3.057.907;35.279.236;45.186.707;3.421.171;47.102.734
0;0;2.779.161;0;60.846.434;40.799.316;0;0;0;0;0;0;0;0;0;0;0;0;0;0;0;0;0;0;0;0;0;0;0;17.857.503;0;0;0;0;0;0;0;0;0;0;0;0;0;0;0;0;0;0;0;0
11.539.296;50.261.955;47.939.293;36.023.018;42.246.656;1.733.363;7.852.976;6.564.147;36.444.546;448.448;11.134.107;55.991.917;8.519.007;12.581.736;15.730.318;4.844.333;22.916.672;28.169.418;19.787.512;15.961.413;5.350.767;25.475.882;12.668.658;58.607.777;16.894.043;34.683.576;2.783.051;49.497.665;28.645.206;12.863.129;813.775;12.954.971;13.351.933;19.440.752;25.393.265;24.254.349;38.029.788;17.482.112;35.262.073;18.837.402;70.816.345;25.034.119;11.455.138;25.651.062;9.805.681;31.065.714;19.939.796;19.502.806;93.489.246;15.094.255
20.047.382;517.585;29.199.991;5.025.029;35.083.572;25.207.798;2.827.639;22.902.401;51.838.646;0;0;0;0;0;0;0;0;0;0;0;0;0;0;0;0;0;2.923.215;43.919.498;27.437.207;31.174.054;16.051.215;121.858.536;1.336.633;13.133.478;81.594.734;13.186.765;12.746.189;2.301.075;29.963.907;17.380.313;39.752.832;31.039.984;12.723.647;16.222.363;12.400.643;97.856.415;13.160.442;1.949.273;13.657.117;15.796.811
6.422.216;55.829.254;5.854.279;58.491.956;5.100.467;618.529;61.212.146;5.023.889;4.761.785;8.894.337;45.920.505;50.186.365;46.091.226;52.816.504;50.109.113;49.259.723;35.878.934;41.886.237;60.187.146;5.453.059;5.751.768;69.054.913;4.574.124;4.615.389;6.825.657;58.226.886;19.147.172;23.483.337;16.359.346;23.596.602;21.821.003;0;28.632.002;8.369.292;69.220.824;29.632.326;0;20.371.296;16.061.888;14.635.565;32.183.794;17.511.921;26.060.884;3.534.626;18.896.184;32.578.438;0;17.158.691;6.190.448;45.377.517
61.015.327;19.912.064;29.597.302;22.542.908;50.375.168;21.226.814;39.800.983;10.316.514;15.542.697;58.473.566;4.725.675;18.367.781;31.959.787;38.195.648;34.489.114;6.855.464;33.706.763;38.115.106;34.020.908;5.564.058;33.473.093;55.792.505;32.978.033;6.358.652;56.602.625;18.240.082;2.373.949;4.302.289;42.628.048;19.850.662;7.287.468;11.231.086;0;1.281.002;21.635.143;15.328.052;47.631.577;26.050.716;8.704.921;48.542.828;28.554.115;9.142.665;13.139.648;6.234.593;21.753.628;21.373.463;32.466.976;58.510.002;51.180.855;10.675.726
78.111.267;9.808.541;55.548.325;4.340.018;18.160.356;54.270.797;1.765.764;32.448.353;3.408.338;16.744.251;0;0;0;0;0;0;0;0;0;0;0;14.611.385;0;17.844.685;0;0;4.910.917;9.729.299;86.792.914;9.627.425;10.811.686;12.776.888;10.423.003;13.564.825;49.311.826;12.397.894;13.574.216;12.702.041;10.949.869;10.274.355;11.553.538;1.510.595;1431.74;11.568.236;1.515.706;10.162.037;13.732.676;14.588.678;960.123;17.397.676
8.884.144;13.239.203;0;43.820.126;0;0;0;0;0;125.468.025;0;0;0;0;0;0;0;0;0;0;0;0;0;0;0;0;22.683.966;0;0;0;2.360.936;21.266.687;0;0;60.926.795;0;58.076.067;40.261.374;17.414.002;13.874.293;0;0;0;6.325.906;0;0;59.576.694;8.552.326;0;9.349.422
0;0;0;0;0;0;0;0;0;0;0;0;0;0;0;0;0;0;0;0;0;0;0;0;0;0;0;0;0;0;0;16.265.318;72.659.197;13.175.131;0;0;0;3.334.194;0;0;0;0;0;9.364.725;24.734.052;9.680.269;9.905.104;0;0;7.878.152
29.013.313;34.759.395;76.511.187;42.938.955;9.081.589;4.150.415;46.586.133;32.471.177;40.688.167;13.093.075;47.832.217;6.627.284;72.689.404;10.276.999;76.858.096;15.504.892;7.170.716;81.092.886;7.762.349;11.122.254;7.234.861;12318.31;7.801.793;12.917.355;110.132.705;5.269.078;8.995.567;13.497.004;10.720.754;11.094.735;12.829.725;16.648.584;12.614.103;16.225.188;9.837.973;16.471.758;17.998.312;15.624.065;13.068.565;9.853.901;14.223.244;21.137.297;19.938.219;16.158.904;20.206.701;12.283.609;15803.77;16.990.418;9.881.948;25.677.564
40.869.598;45.263.437;64.107.196;48.822.598;68.718.555;4.346.398;44.913.004;4.347.384;50.116.757;2.396.031;11.949.761;11.699.453;12.434.604;16.404.976;1.372.713;22.717.842;15.639.723;14.876.254;14.253.302;16.954.731;12.631.855;17.792.587;12.388.083;20.997.832;20.219.757;10.633.928;72.342.554;7.777.687;81.188.605;7.507.136;92.229.785;10.747.322;9.482.594;11.098.618;10.204.268;12.478.862;11.733.385;11.371.193;9.592.283;7.417.845;9.022.753;13.855.897;12.617.622;1.047.625;13.131.157;1.019.705;12.559.414;1.309.771;8.079.773;15.852.761
19.666.731;12.777.271;932.469;10.776.994;32.831.444;6.813.854;78.443.344;49.502.235;3.738.491;0;0;0;0;0;0;0;0;0;0;0;0;0;0;0;0;0;21.203.604;31.038.235;81.393.234;3.535.449;16.425.192;4.543.552;22.607.243;53.377.544;7.382.508;9.778.422;33.772.976;17.192.085;8.833.716;10.448.938;36.501.382;10.769.763;57.611.664;54.429.813;4.002.487;8.255.513;16.366.605;17.131.291;15.298.608;127.546.165
0;0;0;41.784.235;0;0;0;26.233.514;28.269.604;0;0;0;0;0;0;0;0;0;0;0;0;0;0;0;0;0;6.750.507;4.601.433;15.011.877;13.558.716;18.312.595;5.766.841;17.622.952;26.554.736;0;18.607.612;18.964.032;63.511.376;17.707.293;17.980.319;13.985.142;21.720.352;25.936.536;2.971.929;42.379.565;180.151;8.118.433;1.839.679;10.085.481;16.231.053
1.718.192;12.131.823;1.303.885;1.519.436;13.932.904;13.855.867;16.308.301;13.288.202;11.896.816;24.135.115;10.692.833;13.116.776;1.184.405;10.501.064;82.002.527;10.483.418;101.736.847;11.800.153;13.565.073;1.402.847;15.769.109;73.562.805;11.453.243;11.687.434;1.226.016;12.355.613;35.910.574;37.662.078;32.239.734;3.952.855;28.682.377;0;13.092.977;78.575.516;48.233.047;27.029.728;19.489.505;15.198.378;31.151.177;28.656.333;4.596.761;28.814.775;5.262.701;8.451.165;9.558.305;45.188.004;5.759.965;3.240.574;53.565.327;7.505.441
13.274.425;17.588.443;17.919.768;17.434.685;1.956.699;14.726.495;1.817.799;1.588.915;1.653.047;12.631.337;0;0;0;141.855;59.529.653;14.003.331;0;0;0;3.648.676;12.459.266;56.638.703;10.633.644;37.390.194;9.673.895;17.192.864;21.890.355;25.860.788;16.651.163;23.583.473;2.972.421;38.730.304;2.680.396;13.958.636;291.629;39.310.147;36.152.557;27.501.028;21.079.001;1.562.237;26.017.877;34.144.986;31.350.577;2.722.888;17.613.904;24.810.512;3.505.985;31.559.967;9.447.961;2.614.672
13.978.838;20.216.231;0;56.309.644;0;0;0;8.253.523;0;0;0;0;0;0;0;0;0;0;0;0;0;0;0;0;0;0;0;0;0;0;0;0;0;0;0;0;0;0;0;0;0;0;0;0;0;0;4.077.305;0;0;0
4.262.535;66.472.205;5.651.207;5.983.559;47.399.423;52.320.825;7.781.909;17.005.504;7.052.062;25.856.787;16.207.379;16.203.766;18.343.777;2.608.627;21.595.137;26.412.906;8.319.862;18.455.096;23.741.382;14.851.997;13.564.713;14.913.461;14.838.177;33.174.402;13.196.948;10.775.044;49.104.043;27.371.316;3309.28;2.714.223;1.996.874;36.753.865;27.354.854;3.004.305;29.829.114;35.036.575;3949.31;2.690.432;33.566.555;13.782.723;19.387.385;36.049.126;38.775.242;28.720.376;18.929.314;29.476.362;30.666.165;34.448.882;2.917.421;3.042.431
1.915.898;13.688.074;12.179.672;19.710.315;6.825.809;17.583.269;18.800.417;10.941.823;8.140.263;24.804.218;40.471.996;5.949.532;42.971.607;31.177.206;41.222.794;3.316.608;25.226.156;6.348.211;10.103.337;9.491.077;1.022.986;6.707.103;31.904.686;3.368.898;6.825.873;4.128.729;30.111.545;69.701.154;19.719.809;6.409.385;0;0;0;0;0;0;0;28.305.145;16.805.753;1.845.377;8.707.873;21.621.494;0;0;0;0;0;0;0;0
26.742.794;3.924.179;6.248.621;27.835.947;35.518.227;23.453.365;45.104.317;30.464.243;3.668.996;71.602.325;9.308.288;19.730.202;35.749.187;3.308.405;7.393.475;9.398.515;25.852.385;5.535.114;60.343.925;70.257.126;4.565.668;77.044.586;45.716.896;3.351.153;6.208.036;19.476.744;13.241.135;8.676.141;72.748.157;66.651.434;86.602.594;1.785.705;15.600.084;14.586.401;12.627.609;71.055.945;20.286.353;82.691.113;1.549.774;51.032.428;7.656.678;19.094.761;17.767.097;18.773.024;18.407.229;14.100.562;12.835.017;9.687.752;7.054.754;18.237.723
12.977.065;25.485.184;19.801.117;3.101.077;22.413.992;17.406.822;2.921.577;33.668.253;26.009.683;12.561.698;6.810.839;46.815.502;53.731.625;56.073.566;7.291.183;9.129.334;69.668.816;47.373.924;6.871.551;15.259.021;46.098.618;4.605.302;13.653.834;41.504.776;39.855.423;6.377.034;12.361.754;4.073.124;50.222.763;34.100.003;39.215.668;5.674.714;4.306.421;49.151.144;46.612.576;55.464.923;6.192.544;47.108.432;5.336.244;4.981.772;39.845.538;5.548.781;6.162.835;49.385.196;39.873.932;47.794.815;49.569.907;57.326.514;43.573.148;54.062.396
46.106.424;9.236.592;21.109.703;62.160.785;35.221.722;91.190.674;4.650.507;49.392.932;4.774.113;0;0;0;0;0;0;0;0;0;0;0;0;0;0;0;0;0;19.494.096;32.607.074;29.960.638;78.085.693;44.623.083;0;25.758.661;14.867.994;5.897.609;9.899.075;18.631.659;87.856.865;22.479.462;66.558.044;50.539.316;1.322.881;0;22.636.712;32.389.114;51.583.134;49.026.613;6.410.309;95.696.465;8.904.763
0;0;20.729.301;0;0;0;0;0;0;0;0;0;0;0;0;0;0;0;0;0;0;0;0;0;0;0;21.198.064;25.125.397;10.308.798;4.167.272;0;54.799.683;0;7.724.982;0;0;5.452.485;16.984.772;13.663.719;17.324.757;44.755.197;71.448.685;11.029.062;0;0;3.723.971;9.303.715;8.717.651;44.671.192;65.386.314
21.909.542;9.171.987;38.178.935;5.719.941;11.115.969;1.319.066;18.613.572;0;18.932.683;37.071.378;0;0;0;0;0;0;0;0;0;0;12.755.088;0;0;0;55.181.594;17.001.437;5.749.419;3.791.646;32.622.833;48.748.932;41.830.875;29.129.786;16.734.415;90.328.575;31.983.541;8.838.462;43.734.863;0;46.326.053;44.505.243;5.755.445;36.285.608;7.449.931;7.878.986;25.510.258;16.062.443;0;49.015.488;40.446.106;12.226.697
5.988.049;39.925.055;48.457.336;48.869.455;44.401.773;46.862.143;41.711.554;3.247.158;27.690.845;80.039.197;26.116.855;28.605.557;27.099.182;2.222.129;20.647.545;24.359.116;2.291.391;27.874.228;3.620.153;37.428.177;39.988.254;22.044.682;22.280.086;24.911.852;3.189.802;3.221.693;6.375.343;11.757.124;5.220.486;11.205.454;56.607.323;74.886.236;2.272.817;2.973.764;62.826.424;48.471.912;19.589.191;21.462.512;37.986.838;34.065.073;1.317.477;35.027.954;51.503.086;53.649.445;2.866.595;15.976.171;4.656.592;46.335.495;81.043.755;7.901.066
0;0;0;0;0;0;0;0;0;0;0;0;0;0;0;0;0;0;0;0;0;0;0;0;0;0;20.643.958;0;6.842.952;0;0;11.331.003;18.576.989;0;0;0;0;0;0;0;0;2.641.272;41.112.858;0;0;0;0;0;4.496.736;0
18.222.139;9.282.527;77.101.164;22.605.268;36.987.777;8.602.789;98.768.425;20.943.584;20.709.097;0;0;0;0;0;0;0;0;0;0;0;0;0;0;0;0;0;7.214.155;22.118.726;4.199.371;21.171.132;17.166.659;0;0;0;0;26.317.825;0;10.600.242;6.568.974;7.129.139;26.397.348;109.814.354;17.677.011;0;0;0;8.391.628;9.716.188;4.436.882;26.728.003
16.210.919;11.096.483;13.290.175;14.709.428;9.168.413;11.296.197;1.148.778;9.789.667;70.462.685;0;0;0;0;0;0;0;0;0;0;0;0;0;0;0;0;0;16.921.439;36.291.653;9.453.959;35.897.165;60.595.255;0;0;31.700.947;0;0;0;8.998.535;795.491;95.815.025;4.254.044;107.788.055;0;24.923.937;0;0;12.695.447;0;48.242.016;6.061.831
0;62.865.767;95.986.176;36.550.827;21.770.649;1.616.519;10.330.512;7.822.898;70.686.646;0;0;0;0;0;0;0;0;0;0;0;0;0;0;0;0;0;162.013.545;23.836.086;23.506.406;6.546.359;2.280.063;83.820.953;15.093.059;3.912.091;22.617.886;0;24.012.957;17.901.034;7.578.237;23.503.574;0;84.823.615;8.366.832;10.876.062;47.344.646;0;12.733.145;14.096.899;1.711.224;9.564.919
16.821.674;19.095.993;0;60.945.715;0;0;0;11.420.453;0;0;0;0;0;0;0;0;0;0;0;0;0;0;0;0;0;0;8.755.126;0;1.675.468;0;0;19.003.544;0;0;0;0;20.594.256;0;0;0;0;0;0;0;0;0;26.960.275;19.329.143;0;0
3.193.741;25.081.348;2.332.715;2.787.816;17.822.669;38.120.022;6.203.537;0;0;0;0;0;0;0;0;0;0;0;0;0;0;0;0;0;0;0;54.261.063;11.148.981;15.271.935;14.373.557;19.716.818;24.939.333;0;16.454.998;17.951.291;8.160.651;13.704.934;20.825.966;21.920.666;3.461.623;22.905.865;18.948.238;30.892.641;760.303;0;488.886;27.712.408;4.916.281;63.264.093;9.714.085
0;0;0;0;0;0;0;0;0;0;0;0;0;0;0;0;0;0;0;0;0;0;0;0;0;0;2.473.295;4.694.137;41.667.215;4.614.205;5.181.368;58.939.716;48.541.513;38.890.323;40.788.025;6.105.222;47.634.122;4.170.797;3.611.163;31.351.242;49.999.692;7.040.599;6.776.389;5.907.807;75.666.174;43.337.537;6.215.765;6.595.728;3.656.316;8.313.208
0;0;19.283.128;0;0;3.215.251;67.695.603;0;0;0;0;0;0;0;0;0;0;0;0;0;0;0;0;0;0;0;16.496.365;0;52.167.633;0;0;9.102.558;19.784.468;17.126.042;0;0;0;0;17.295.709;0;0;4.891.588;807.201;0;18.908.646;0;0;0;48.384.717;0
3.484.641;3.384.969;4889.67;3.870.798;40.997.314;32.195.095;2.766.483;28.978.228;33.865.974;20.749.915;16.175.896;9.898.094;15.286.481;16.593.093;20.657.703;20.180.737;17.443.096;17.354.089;14.510.479;11.376.663;13.912.388;17.996.078;6.342.198;18.856.633;17.691.917;10.358.855;13.347.925;15.101.505;16.355.968;18.638.434;16.361.522;16.377.325;20.303.893;15.238.916;17.123.338;16411.05;19.739.455;16.689.402;14.509.356;12.798.677;129.091.455;18.048.945;18.444.684;23726.96;23.151.023;16.387.904;14.685.919;18.000.787;10.958.142;22.095.273
21.416.415;15.321.983;15.697.583;19.164.703;11.022.004;16.431.105;21.103.389;1.573.603;39.769.096;3.280.082;84.442.055;13.024.925;131.007;6.940.327;754.315;9.567.593;72.315.796;1.382.122;14.163.408;20.510.135;1.933.359;138.628.645;72.646.935;14.749.278;16.368.336;14.940.288;6.051.276;55.959.705;53.165.314;7.029.618;0;0;0;0;0;0;0;0;6.326.051;44.992.062;6.493.503;35.091.522;0;0;0;0;0;0;0;0
0;0;0;0;0;0;0;0;0;10.930.407;0;0;0;0;0;0;0;0;18.917.617;0;52.969.494;0;0;0;0;0;38.867.134;19.626.833;34.150.146;14.363.043;27.521.286;14.025.335;20.240.936;27.806.232;2.692.088;44.852.036;20.053.515;24.378.057;3.371.725;4.961.039;20.519.228;59.317.524;15.536.899;22.727.613;0;8.125.644;33.135.338;34.804.176;2.748.001;44.039.356
0;0;0;0;0;1.712.575;0;0;0;0;0;0;0;0;0;0;0;0;0;0;0;0;0;0;0;0;1.796.275;0;4.040.349;0;0;8.901.444;23.784.971;0;0;0;0;0;0;0;0;10.270.272;26.096.582;0;0;0;0;0;3.631.967;0
10.315.487;13.612.991;16.327.245;14.699.545;14.501.642;13.678.389;9.729.153;10.204.767;13.874.547;79.922.806;7.161.033;662.142;53.633.396;7.307.287;8.542.036;60.681.057;9.161.175;123.308.235;8.568.012;1.177.362;109.210.495;11.350.867;10.627.213;12.412.209;8.156.298;12.014.986;26.008.013;33.254.775;39.843.967;42.527.676;4.490.886;44.464.546;5.326.546;4.436.657;4.726.749;45.162.314;48.339.497;4.658.105;44.176.216;42.386.333;4.059.924;4.916.752;5.039.743;55.010.586;57.895.615;50.131.553;4.394.704;49.586.943;38.622.349;5.254.732
3.515.088;3.762.676;50.491.524;49.110.306;71.654.076;54.127.853;61.648.956;47.963.825;41.813.797;28.339.508;18.209.906;175.368;1.924.441;23.551.033;1.946.267;24.226.892;21.943.315;18.725.383;25.387.958;25.700.262;23.722.343;2.922.654;17.169.952;24.910.207;28.156.992;21.778.622;0;15.064.758;0;0;0;0;0;0;0;0;0;0;0;0;0;0;0;0;0;0;0;0;0;0
54.964.127;1.765.842;1.141.443;14.625.896;6.349.251;36.459.457;8.460.375;12.491.246;24.294.565;47.957.306;0;0;0;0;5.390.336;0;16.194.464;41.457.047;54.011.774;6.931.923;7.602.151;15.091.319;0;20.474.625;535.594;0;14.152.298;27.310.587;78.987.495;39.868.137;82.663.734;29.985.102;8.375.752;45.375.217;15.809.299;14.162.358;672.599;113.714.325;82.564;86.646.706;32.529.282;8.678.754;10.530.176;43.804.592;7.663.478;15.765.928;15.117.926;7.934.369;92.443.886;13.134.322
60.393.976;10.628.051;18.601.869;0;0;0;0;0;0;0;0;0;0;0;0;0;0;0;0;0;0;0;0;0;0;0;0;0;0;0;0;0;0;0;0;0;0;0;0;0;0;0;0;0;0;0;0;0;0;0
15.527.573;22.012.521;33.264.575;27.334.045;26.409.854;17.362.381;17.401.016;19.515.784;15.956.369;18.431.808;75.701.805;4.504.238;119.286.514;7.659.692;16.726.242;17.380.931;8.956.227;14.064.726;126.288.284;621.995;8.348.252;6.784.436;86.491.745;8.488.349;15.017.917;106.822.876;13.024.628;14.102.554;17.912.681;20.880.022;17.316.827;15.868.413;21.774.312;14.026.514;18.775.698;17.170.635;19.591.283;19.335.187;15.499.597;10.880.594;11.891.577;17.022.429;18.281.907;2.710.489;25.996.775;16.963.318;15.060.369;19.246.261;10.277.476;21.118.667
0;0;43.332.275;0;17.255.533;44.785.962;0;13.421.605;20.623.195;0;0;0;0;0;0;0;0;0;0;0;0;0;0;0;0;0;0;0;0;1.777.516;0;0;0;0;0;0;0;0;0;0;0;0;0;0;0;0;0;0;0;0
0;1.523.045;7.700.377;29.083.374;8.541.935;1815.99;6.193.102;10.327.115;6.178.798;0;0;0;0;0;0;0;0;0;0;0;0;0;0;0;0;0;29.689.966;7.053.685;36.391.635;11.302.383;0;17.313.743;624.617;37.478.615;0;0;0;0;1.902.459;0;0;0;0;0;0;0;0;0;0;0
597.029;53.204.037;5.166.458;75.212.135;5.425.196;50.264.435;65.434.395;3.475.283;36.823.944;0;0;0;0;0;0;0;0;0;0;0;0;0;0;0;0;0;11.157.679;27.572.186;9.822.799;23.135.782;13.931.548;27.619.453;67.278.576;36.104.958;6.019.165;5.543.827;4.376.732;7.741.062;8.499.051;11.515.558;268.644;11.814.018;3.266.257;23.001.838;56.433.916;18.514.004;6.863.135;11.191.246;41.223.423;6.082.149
0;0;0;0;0;0;0;0;0;5.229.574;4.005.014;43.114.307;37.898.254;4.005.872;44.833.347;46.513.153;26.672.485;41.455.542;41.728.046;41.808.508;26.406.235;45.053.113;2.639.651;40.764.096;378.559;4.414.278;0;0;0;0;0;0;0;0;0;0;0;0;0;0;0;0;0;0;0;0;0;0;0;0
0;0;0;0;0;0;0;0;0;4.393.179;8.717.733;14.011.074;3.394.134;11.786.444;6.392.725;22.822.323;67.102.666;23.312.603;9.651.213;0;0;13.660.438;17.014.081;0;19.753.855;71.820.374;0;0;0;0;0;0;0;0;0;0;0;0;0;0;0;0;0;0;0;0;0;0;0;0
2.348.856;24.219.562;0;734.266;0;0;0;20.951.206;0;24.742.802;0;0;0;0;0;0;0;0;0;0;0;0;79.070.625;0;0;0;0;0;0;0;0;0;0;0;0;0;0;0;0;0;0;0;0;0;0;0;4.178.084;0;0;18.817.418
14.664.941;93.338.214;9.742.073;82.911.194;8.625.022;5.119.096;0;867.023;924.132;29.241.294;2.075.223;23.414.492;20.812.175;20.962.463;20.485.537;25.861.025;19.350.986;2.049.437;1.944.299;2.300.572;19.181.829;19.850.203;21.582.034;1.934.502;20.351.451;1.977.865;0;0;0;36.241.077;113.291.115;0;0;0;13.648.581;0;0;0;0;0;0;0;4.444.284;0;0;15.434.335;0;0;0;0
9.501.528;7.017.062;64.836.975;8.596.239;12.820.123;8.280.934;56.368.553;10.486.767;11.243.848;3.889.067;21.953.669;0;21.422.577;21.290.994;39.984.417;40.645.666;20.941.253;1.825.188;79.350.553;0;0;41.915.464;0;39.364.672;198.243;3.669.786;22.199.965;26.272.586;34.242.435;36.380.112;35.919.177;35.041.272;5.476.088;20.814.276;4.705.178;28.813.406;4.467.109;45.938.403;26.202.078;25.360.393;30.107.892;40.849.097;2.988.446;50.166.852;60.842.883;42.818.555;36.879.187;48.072.394;25.433.972;4.879.074
0;0;0;0;0;21.433.784;0;0;0;0;0;0;0;0;0;0;0;0;0;0;0;0;0;0;0;0;0;0;0;24.953.335;0;0;0;0;0;0;0;0;0;0;0;0;0;0;0;0;0;0;0;0
0;6.708.844;5.948.411;24.067.188;65.034.216;14.135.288;433.132;8.099.085;47.198.215;0;0;0;0;0;0;0;0;0;0;0;0;0;0;0;0;0;26.906.534;67.284.155;35.215.402;10.452.717;8.413.643;4.857.267;20.123.446;8.825.347;0;0;0;0;18.099.183;0;0;0;0;0;0;0;0;0;0;0
18.219.558;0;22.827.718;19.721.335;6.227.231;0;0;0;0;0;0;0;0;0;0;0;0;0;0;0;0;0;0;0;0;0;13.101.723;14.324.268;65.186.806;15.928.821;20.215.921;17.968.825;19.465.858;59.989.273;104.138.504;13.842.477;21.287.611;112.463.524;39.063.076;33.773.464;10.677.051;61.062.096;17.285.359;63.104.877;7.420.063;25.917.788;41.364.506;17.076.176;7.213.666;22.459.416
554.478;0;14.179.244;17.082.394;0;0;0;0;18.022.653;20.455.393;0;0;2.726.374;0;29.519.888;0;0;10.752.407;56.374.454;90.025.856;9.306.622;13.477.081;0;0;1.984.589;15.939.738;19.102.763;306.441;31.588.315;448.258;4.792.772;28.722.232;95.507.916;33.007.928;42.555.524;49.376.138;29.118.564;3.464.225;31.694.318;3.231.964;35.713.583;34.766.916;42.158.762;562.137;47.163.495;22.919.466;30.911.435;29.601.926;22.041.681;36.645.316
0;0;0;0;0;0;0;0;0;17.440.887;0;0;0;0;0;0;0;0;19.905.294;10.149.686;17.681;0;0;0;17.922.237;182.727;0;0;0;0;0;0;0;0;0;0;0;0;0;0;0;0;0;0;0;0;0;0;0;0
0;0;0;0;0;0;0;0;0;0;0;0;0;0;0;0;0;0;0;0;0;0;0;0;0;0;36.772.278;8.122.195;103.894.844;60.518.867;7.596.993;8.035.838;11.991.235;82.154.655;2.120.372;33.047.455;14.835.878;8.007.194;12.265.704;56.621.532;61.870.453;1.108.016;61.440.598;23.918.599;2.695.223;9.225.085;23.180.914;8.753.687;24.746.914;11.728.232
16.306.736;10.136.568;9.609.066;923.485;917.912;5.303.225;714.099;93.101.025;8.241.112;14.690.436;0;0;0;0;0;0;0;0;0;3.117.447;18.216.276;0;0;1.813.258;0;0;7.678.572;23.573.982;6.743.504;5.050.041;9.055.824;45.217.735;5.674.074;7.718.583;26.583.231;67.032.104;59.287.167;6.972.443;7.942.684;4.245.552;27.549.183;45.405.678;22.692.003;8.619.137;74.218.464;51.418.335;6.601.073;7.168.539;10.050.957;14.761.293
0;0;0;47.052.387;0;0;0;4.003.496;0;0;50.928.997;0;8.280.636;0;0;30.683.548;26.544.608;8.333.883;0;0;7.087.439;0;0;16.983.898;0;0;21.549.792;0;48.660.145;18.402.877;17.535.463;13.589.664;0;6.301.404;26.287.762;14.740.562;39.952.258;0;0;6.056.996;5.819.239;22.349.973;28.992.828;33.309.433;12.688.169;62.001.066;3.971.119;6.517.199;23.963.885;41.724.838
6.176.122;6.642.439;68.587.744;5.337.284;71.378.973;41.155.478;78.542.847;6.920.224;6.022.533;15.684.911;16.392.776;8.335.931;15.201.888;14.053.171;67.246.204;15.239.167;6.804.106;1.360.004;16.815.845;19.603.042;18.030.176;16.595.123;7.296.554;6.656.144;15.413.289;1.515.289;21.017.761;31.365.447;19.580.166;22.971.372;14.148.823;1.051.129;91.109.686;12.344.447;102.334.283;1.515.231;11.641.079;13.924.733;2.258.207;15.316.378;2.916.996;2.109.431;10.768.711;101.674.036;10.748.215;12.546.106;14.490.586;11.927.222;1.109.742;1.305.203
37.321.423;20.805.411;30.856.705;35.894.904;33.667.487;24.949.873;37.460.452;3.027.489;2.000.969;4.970.942;50.213.036;0;8.131.698;0;0;0;38.001.785;5.723.913;16.709.679;25.263.578;13.831.914;10.817.842;7.401.505;10.405.714;11.796.864;13.018.471;44.381.723;6.521.396;2.997.626;75.415.454;0;0;0;0;0;0;0;0;4.503.523;4.223.828;8.769.589;2.829.089;0;0;0;0;0;0;0;0
6.248.351;61.672.716;23.446.198;2.706.046;29.067.703;3.820.689;7.393.749;292.629;28.346.899;49.696.846;0;0;0;0;0;0;17.868.578;813.729;19.947.596;0;18.176.208;17.966.566;0;17.426.727;0;0;66.561.844;18.055.444;45.432.392;18.943.121;0;0;0;0;0;0;0;23.977.613;44.461.445;60.846.844;22.289.523;329.923;0;0;0;0;18.333.883;0;19.659.231;0
15.705.795;14.605.815;15.846.147;1.974.278;8.575.683;18.176.846;17.168.584;45.679.333;10.986.189;208.603;8.675.861;126.023.735;11.351.488;116.614.235;9.128.015;9.103.748;7.730.614;117.679.405;1.482.107;13.180.019;14.133.534;12.636.583;8.843.117;102.893.974;14.166.446;14.749.695;5.458.515;63.566.675;42.401.193;7.317.923;10.276.116;47.763.885;102.593.925;124.117.485;22.720.203;16.105.478;6.439.372;15.418.088;38.615.884;4.285.548;101.521.173;4.167.371;7.147.749;13.637.195;5.672.357;10.334.147;16.518.991;12.215.709;13.144.217;11.549.018
0;0;0;0;0;0;0;0;0;0;0;0;0;0;0;0;0;0;0;0;0;0;0;0;0;0;28.436.865;0;0;26.572.666;25.753.516;46.519.357;25.021.648;26.178.076;10.045.302;26.490.662;31.232.983;120.511.604;45.371.027;13.750.273;0;0;27.642.776;11.947.931;8.605.082;0;24.153.242;43.999.063;52.965.958;39.105.206
20.652.764;14.282.107;1.412.253;16.312.234;14.538.608;1.417.866;16.576.052;13.264.996;13.444.502;2.808.161;10.750.577;10.220.087;11.029.553;10.943.911;7.755.563;10.722.737;9.662.962;9.983.552;15.376.638;13.908.407;14.503.445;11.080.364;97.321.985;10.459.215;13.022.953;11.493.954;28.438.167;42.436.045;29.465.984;45.079.463;3.384.331;2.785.373;39.495.947;79.538.727;38.366.803;58.382.477;2.634.393;11.089.026;24.284.707;23.013.474;42.331.206;26.311.936;50.676.407;6.021.402;32.316.556;5.407.462;32.335.608;36.445.245;87.503.406;6.492.581
0;0;0;0;0;0;0;0;0;0;0;0;0;0;0;0;0;0;0;0;0;0;0;0;0;0;0;0;58.999.906;17.030.304;0;0;0;0;0;0;0;0;0;3.636.639;0;0;0;0;0;0;0;0;0;0
3.593.774;22.665.317;3.350.786;32.340.753;3.509.996;24.570.148;35.721.738;2.990.847;3.141.404;0;0;0;0;0;0;0;0;0;0;0;0;0;0;0;0;0;34.588.132;4.996.324;34.792.328;4.104.672;2.236.416;586.878;65.205.315;15.252.838;12.938.467;2.425.434;19.005.936;12.194.185;40.837.195;24.120.999;41.172.485;4.165.539;585.943;5.290.311;15.433.535;17.038.208;22.737.274;31.925.138;26.604.306;25.586.844
6.343.324;63.482.104;6.549.327;61.126.543;7.195.974;5.074.031;7.225.512;66.884.644;62.303.286;3.510.402;40.264.941;28.719.626;38.498.274;3.788.417;25.656.277;4.400.806;26.547.695;3.680.509;40.491.895;4.709.192;42.411.846;40.895.967;26.333.892;26.149.011;4.172.645;39.678.682;9.060.873;11.716.493;8.360.887;10.111.838;6.736.339;57.322.227;5.820.309;6.283.068;59.383.486;7.194.316;64.715.664;69.134.014;9.455.472;7.368.827;10847.82;9.147.038;6.071.001;54.851.973;56.442.266;6.245.407;69.529.214;62.373.354;6.379.938;67.100.996
33.544.577;35.948.868;0;10.365.001;0;0;58.236;8.799.297;0;3.407.831;0;0;0;0;0;0;0;0;0;0;0;0;12.842.721;0;0;0;0;0;0;0;0;0;0;0;0;0;0;0;0;0;0;0;0;0;0;0;42.019.772;0;0;0
10.759.208;95.041.547;78.196.216;10.337.556;8.275.668;83.623.395;8.619.791;7.600.689;91.770.746;8.647.077;44.787.933;35.981.918;42.376.468;43.148.734;37.868.536;42.864.774;3.926.315;44.383.704;74.515.515;52.983.594;57.096.173;5.693.441;30.246.683;37.247.952;5.910.122;45.425.305;20.678.948;26.889.763;1.587.871;23.312.864;60.437.805;4.273.886;4.640.195;5.149.854;32.591.672;59.005.804;38.415.207;75.677.985;11.904.806;10.738.608;23.462.305;10.951.587;4.646.641;58.991.455;3.810.364;3.342.286;5.784.043;7.007.062;61.762.805;56.311.566
15.900.505;11.645.664;14.269.045;15.646.808;12.189.122;13.677.506;15.337.689;11.147.234;1.150.752;21.047.512;8.887.323;14.055.024;13.093.573;10.479.695;8.749.508;10.332.695;7.761.967;11.696.232;1.378.151;13.939.537;15.331.327;10.822.704;98.855.835;11.386.252;12.581.326;14.971.261;40.722.493;41.882.695;34.490.989;39.685.674;9.921.815;67.305.414;5.436.424;12.491.765;86.458.405;11.224.302;45.007.193;16.319.868;26.252.039;25.660.935;5.567.981;31.373.623;8.664.966;16.190.903;5.892.165;67.578.394;11.319.454;46.350.653;11.269.718;14.006.759
0;0;0;0;0;0;0;0;0;0;0;0;0;0;0;0;0;0;0;0;0;0;0;0;0;0;2.184.581;23.155.202;0;11.030.619;0;0;0;0;0;0;0;0;0;62.556.637;0;39.245.663;0;1.877.105;0;0;0;0;6.686.804;0
0;0;0;0;0;0;0;0;0;0;0;0;0;0;0;0;0;0;0;0;0;0;0;0;0;0;55.172.424;51.490.646;4.174.792;57.488.815;38.410.873;7.029.117;15.452.425;5.751.585;8.735.329;5.606.656;7.580.512;25.232.709;7.797.343;22.448.248;19.119.247;2.196.907;5.147.784;24.464.291;16.721.349;0;37.881.023;7.305.743;10.967.579;6.932.141
17.453.769;11.248.328;83.055.244;13.211.066;11.265.556;4.609.108;10.842.188;10.014.596;52.014.523;5.665.838;0;0;0;0;0;0;0;0;5.587.596;19.714.558;25.078.075;20.824.986;37.126.381;72.391.515;15.053.009;14.712.516;21.455.031;31.316.223;2.024.308;32.494.437;15.497.855;0;12.751.428;6.310.708;0;30.063.671;0;71.072.495;15.437.248;18.806.319;26.406.964;19.103.342;12.288.378;4.383.737;8.006.231;10.907.398;6.560.182;12.837.046;3.790.329;4.196.157
13.398.582;9.146.757;12.325.432;15.070.163;10.049.733;14.360.602;125.328.865;7.486.497;8.863.399;2.036.853;7.195.357;9.412.484;8.822.461;92.029.655;7.205.009;8.282.056;7.296.965;9.090.602;12.316.158;11.852.686;126.994.965;12.714.685;61.303.085;6.222.042;122.303.986;5.688.278;55.962.714;77.391.614;38.981.625;68.534.326;8.727.252;5.289.853;8.494.997;1.326.386;30.698.742;16.637.595;8.935.017;16.091.214;38.011.993;34.075.464;10.861.951;50.516.266;75.337.746;13.825.908;63.171.677;76.057.526;13.632.414;14.272.008;1.314.416;13.249.104
35.961.143;3.618.627;3.604.365;32.120.103;40.048.708;29.257.373;38.457.603;3.529.083;36.866.794;12.541.865;13.260.221;1.107.014;13.465.914;13.138.212;100.638.184;13.106.245;10.100.661;1.266.431;12.964.747;13.762.655;13.500.978;12.681.589;98.362.756;101.378.625;13.112.301;12.805.747;38.063.967;5.138.873;44.934.727;45.494.224;36.840.078;33.062.297;34.045.684;39.502.292;3.654.919;4010.77;3.934.067;3.917.824;50.560.107;44.048.105;5.106.592;4.893.093;38.341.892;37.865.745;37.958.552;3.965.698;41.455.513;39.084.797;40.768.428;3.897.159
6.891.715;15.893.507;14.382.523;13.915.758;19.285.114;55.470.303;24.229.233;18.694.418;18.424.309;3.465.827;22.765.965;0;75.100.484;15.497.588;0;71.973.987;0;19.731.576;31.685.862;20.281.933;25.529.026;20.146.025;0;0;33.306.053;15.045.167;26.969.177;45.373.184;19.731.834;26.563.028;120.706.635;4.047.369;35.698.498;31.132.427;761.573;18.387.215;1.288.502;5.249.722;21.102.881;15.266.893;2.639.397;2.944.745;12.824.686;36.799.267;1.235.625;32.760.834;7.490.105;1.469.216;5.186.608;1.400.718
22.201.181;20.048.232;17.831.651;20.392.635;19.397.688;18.245.056;18.072.375;11.724.885;18.320.917;1.221.634;32.369.083;19.324.162;30.982.353;36.65;17.213.151;39.193.718;19.071.976;21.437.252;113.039.444;5.532.912;56.008.484;49.044.403;65.934.105;9.847.969;61.190.666;35.221.786;1.291.725;36.279.495;12.515.762;3.295.184;0;0;0;0;0;0;0;0;1.374.156;18.463.081;26.622.186;13.331.181;0;0;0;0;0;0;0;0
6.282.438;5.350.701;6.059.167;48.510.242;49.977.496;49.142.157;58.660.986;519.289;55.930.884;68.530.853;7.407.624;61.012.695;7.164.945;6.986.102;6.595.084;62.610.223;6.956.096;70.068.384;6.995.404;64.615.857;6.476.965;6.530.179;6.594.497;6.534.761;67.162.476;67.873.584;28.966.162;18.356.635;2.833.728;3.336.426;15.839.499;32.890.997;28.763.562;2.603.693;2.027.449;21.131.201;24.815.675;20.957.997;3.036.265;22.499.324;26.343.036;20.930.705;17.212.523;2.606.538;20.718.878;1.574.336;25.066.528;2.582.766;3.042.192;28.671.176
0;0;0;0;0;0;0;0;0;90.911.597;8.097.046;8.241.917;8.014.835;8.142.356;76.932.745;82.408.777;7.818.826;7.690.297;7.791.974;745.089;7.248.014;77.424.713;7.438.724;685.968;8.042.235;7.596.248;0;0;0;0;0;0;0;0;0;0;0;0;0;0;0;0;0;0;0;0;0;0;0;0
45.811.806;38.360.687;72.896.095;7.620.443;106.102.394;29.406.713;1.175.552;9.753.181;9.228.341;0;0;0;0;0;0;0;0;0;0;0;0;0;0;0;0;0;23.613.597;6.942.426;3.562.331;57.293.716;21.131.603;63.221.765;0;17.598.408;0;10.684.314;8.420.614;8.726.888;49.503.513;3.483.213;9.124.555;7.517.212;26.817.775;9.901.317;22.694.159;18.516.557;22.407.707;1.462.032;22.788.994;24.222.624
0;0;0;0;0;0;0;0;0;0;0;0;0;0;0;0;0;0;0;0;0;0;0;0;0;0;5.565.015;6.491.873;45.525.772;13.339.864;4.401.975;101.608.246;13.221.591;9.965.775;1.464.772;5.187.685;60.306.195;3.628.656;85.653.955;49.108.575;9.273.915;7.039.696;81.886.127;6.430.778;13.859.903;1.719.331;12.421.569;11.006.893;52.763.107;95.507.153
10.726.798;8.165.102;10.484.376;11.012.848;9.204.055;9.960.223;10.553.102;7.906.028;7.906.688;13.322.683;6.173.127;9.343.794;8.858.671;66.176.953;56.646.014;6.307.494;5.001.302;7.739.687;9.165.331;90.819.244;1.030.581;6.423.166;6.493.427;68.478.546;8.041.842;10.134.618;28.337.048;26.564.365;25.088.154;2.825.335;73.267.896;36.708.496;40.411.133;7.045.337;51.032.623;64.826.447;3.210.141;10.300.902;17.922.708;18.068.727;37.163.604;18.038.988;44.694.116;89.178.174;32.519.553;5.491.686;6.294.084;3.123.635;67.338.324;75.662.177
0;0;0;0;0;0;0;0;0;0;0;0;0;0;0;0;0;0;0;0;0;0;0;0;0;0;1.575.192;0;0;16.780.972;9.918.352;26.228.555;27.519.836;27.942.252;12.458.376;1.394.073;14.959.993;6.243.551;25.402.325;12.899.443;0;0;12.828.658;1.588.239;19.101.608;0;19.021.872;2.917.996;0;2.317.133
0;0;0;0;0;0;0;0;0;4.410.034;25.193.156;23.171.834;26.956.662;24.374.487;23.128.699;25.516.025;25.130.942;23.821.907;28.625.552;23.107.434;2.458.143;2.460.647;19.711.862;23.316.025;28.509.283;21.079.486;29.378.058;4.605.187;3.923.329;4.772.365;28.894.208;28.203.574;20.193.994;26.672.867;26.867.422;3.568.537;262.055;28.555.923;41.737.296;42.837.518;52.924.036;39.680.484;32.300.662;24.651.672;23.087.224;21.598.996;3.179.657;28.889.478;18.658.612;25.796.027
0;0;0;0;0;0;0;0;0;30.175.032;26.039.495;25.655.576;25.955.964;25.914.053;2.533.091;27.589.753;24.546.506;24.782.766;25.215.623;2.477.794;23.006.465;25.445.508;2.371.623;24.607.212;24.937.043;25.336.035;0;0;0;0;0;0;0;0;0;0;0;0;0;0;0;0;0;0;0;0;0;0;0;0
21.076.326;17.006.937;1.563.847;22.204.944;16.316.031;18.826.477;20.557.358;15.251.633;17.664.832;22.952.275;12.118.274;9.551.886;10.833.027;13.116.718;9.041.678;10.082.062;9.681.224;15.119.125;21.197.011;17.195.557;18.638.586;16.486.993;6.306.398;11.036.289;15.852.325;10.443.306;5.714.065;10.664.955;5.731.411;102.218.243;23.617.802;12.886.598;13.170.808;24.464.566;8.947.054;29.422.754;50.166.496;39.029.004;62.169.495;5.017.204;11.828.999;56.132.794;16.258.488;3.129.721;8.883.641;11.673.487;22.775.398;1.775.532;23.999.109;30.049.323
42.592.072;45.214.688;0;12.538.334;0;0;4.230.487;7.751.738;0;4.515.399;0;0;0;0;0;0;0;0;0;0;0;0;0;0;0;0;0;0;0;0;0;0;0;0;0;0;0;0;0;0;0;0;0;0;0;0;33.193.948;0;0;0
18.162.733;1.485.276;14.976.535;18.903.284;16.154.039;1.894.732;19.683.185;185.256;17.966.968;0;0;0;0;0;0;0;0;0;0;0;0;0;0;0;0;0;19.692.974;20.037.001;7.974.297;2.415.684;54.085.037;10.748.454;10.287.052;5.998.691;18.787.016;293.163;19.078.267;8.875.167;47.753.165;4.892.016;8.652.834;41.175.003;0;33.953.943;5.649.144;3.812.565;42.403.943;3.789.961;15.686.509;12.118.744
12.481.837;10.454.965;972.83;11.236.761;96.520.746;9.401.757;93.070.905;762.272;90.408.655;10.707.452;498.618;39.106.973;49.466.946;51.756.415;37.117.142;48.025.522;38.474.188;47.830.823;813.03;6.397.219;64.112.866;62.310.547;3.023.089;38.842.764;61.749.097;50.487.732;20.621.265;26.506.533;11.700.441;18.115.201;31.778.763;298.018;29.966.074;44.427.036;22.324.794;46.077.884;25.904.324;541.558;8.370.519;9.820.281;16.818.693;917.738;31.943.317;43.606.055;25.080.318;25.820.728;38.309.137;38.988.065;40.018.704;40.616.757
0;33.918.056;26.579.956;20.276.797;30.158.863;18.755.497;21.616.692;19.954.837;6.005.819;0;0;0;0;0;0;0;0;0;0;0;0;0;0;0;0;0;1.756.131;21.757.858;1.184.824;66.200.294;0;0;34.690.895;10.351.127;0;0;0;19.308.786;8.179.059;0;0;9.609.377;0;9.134.498;23.098.749;9.275.031;0;110.989.624;19.617.783;19.805.838
16.855.652;14.484.412;13.849.959;16.789.745;15.172.539;16.700.932;2.027.301;14.101.884;15.405.707;16.519.646;8.119.372;45.036.667;54.600.624;5.062.594;5.385.379;4.441.902;7.513.335;9.609.094;10.067.663;125.603.966;14.136.655;14.473.154;5.732.161;99.017.235;13.672.318;93.662.025;39.693.317;61.926.074;3.677.665;6.281.263;9.979.498;56.271.534;9.613.616;9.435.038;8.431.647;12.319.141;58.974.606;17.366.438;2.184.646;19.187.872;6.151.623;26.542.493;7.468.204;16.538.658;5.045.588;9.958.084;877.506;8.740.508;12.538.936;13.057.872
0;0;0;0;0;0;0;0;0;24.086.948;38.061.213;18.472.499;19.629.937;173.525;9.359.926;15.408.978;5.594.199;55.821.595;0;18.019.218;1.730.601;0;0;18.975.146;54.625.597;17.804.122;0;0;0;0;0;0;0;0;0;0;0;0;0;0;0;0;0;0;0;0;0;0;0;0
13.041.197;94.489.204;9.637.734;9.509.301;8.120.451;10.000.411;89.484.215;8.069.319;91.543;0;0;0;0;0;0;0;0;0;0;0;0;0;0;0;0;0;21.131.448;3.909.505;33.218.036;37.092.426;24.515.976;71.766.205;92.133.705;17.452.347;12.616.163;19.208.089;937.953;40.217.038;20.022.292;24.954.134;11.421.632;25.880.554;16.224.228;35.342.395;13.839.685;57.681.393;47.976.627;13.771.895;23.886.656;14.479.901
25.986.961;4.029.124;8.495.622;27.529.789;98.175;29.854.212;44.093.086;27.289.516;37.512.077;14.942.517;5.006.001;52.607.075;64.815.254;91.949.005;8.552.213;14.990.318;7.633.385;7.747.347;8.712.637;9.482.713;60.390.945;11.631.595;7.686.326;14.151.353;11.860.142;28.819.466;26.991.852;24.036.337;33.231.693;27.191.724;40.920.673;4.822.328;3.090.583;42.747.217;3.918.229;50.445.068;3.636.026;43.149.768;46.606.598;27.133.344;32.128.955;64.026.013;59.220.526;28.888.574;5.606.652;3.920.425;47.333.237;56.848.846;27.236.182;7.347.729
0;0;0;0;0;0;0;0;0;0;0;0;0;0;0;0;0;0;0;0;0;0;0;0;0;0;3.334.169;41.506.482;32.008.676;32.875.015;21.079.033;14.746.017;17.938.388;22.262.953;17.499.083;23.943.593;21.621.678;24.224.062;3.292.338;23.019.481;33.725.134;2.852.253;18.698.291;15.750.398;157.988;23.387.317;20.279.417;17.895.393;18.074.425;17.403.369
0;0;0;0;0;0;0;0;0;0;0;0;0;0;0;0;0;0;0;0;0;0;0;0;0;0;10.590.712;25.933.756;14.082.622;7.263.364;9.212.672;14.802.007;16.962.617;687.033;31.791.296;1.193.343;12.629.393;27.414.114;14.794.053;28.740.384;14.416.262;60.787.053;5.650.518;27.332.996;19.054.648;0;93.209.305;1.454.793;12.331.165;13.080.806
3.856.907;3.279.989;3.329.678;4.070.384;35.735.553;36.768.817;42.840.945;31.342.563;3.368.327;0;0;0;0;0;0;0;0;0;0;0;0;0;0;0;0;0;7.817.033;11.367.614;75.209.485;11.575.079;21.383.766;8.167.966;1.905.946;1.899.807;45.709.923;20.412.953;7.162.175;21.653.793;4.446.677;44.025.406;8.190.598;5.517.655;98.457.985;2.031.901;58.681.114;63.107.147;1.541.506;13.505.731;13.519.957;15.971.957
0;0;0;0;0;0;0;0;0;0;0;0;0;0;0;0;0;0;0;0;0;0;0;0;0;0;34.075.418;0;0;7.800.788;30.573.007;46.825.803;1.689.671;19.822.446;780.402;3.783.614;41.751.007;48.422.733;49.327.274;7.325.338;0;0;10.567.917;8.414.672;36.073.864;0;19.492.455;4.776.951;10.138.807;41.870.447
7.336.381;6.831.464;35.707.214;84.420.265;56.440.086;5.157.356;8.796.569;20.695.023;7.768.444;13.695.844;23.221.922;48.900.394;33.419.563;5.734.766;4.997.255;210.386;43.038.727;31.861.534;62.430.534;5.698.035;435.714;756.473;20.559.666;4.514.503;3.413.482;20.017.128;23.906.755;30.303.656;14.424.866;1.829.657;93.770.004;42.119.434;4.575.488;9.267.267;29.473.892;9.915.813;25.682.499;13.232.367;37.488.716;7.925.917;16.494.275;1.794.843;8.044.063;9.498.299;10.187.057;14.162.396;11.553.576;117.044.876;9.977.042;11.038.545
48.472.586;51.873.773;0;14.353.156;36.123.242;0;28.640.585;8.775.542;0;47.768.176;0;0;0;0;0;0;0;0;0;0;0;0;0;0;0;0;0;0;0;0;0;0;0;0;0;0;0;0;0;0;0;0;0;0;0;9.729.835;2.531.728;0;0;0
17.677.149;1.614.767;45.747.185;75.698.214;46.733.025;57.968.545;20.565.157;10.209.392;0;15.935.225;25.534.196;13.247.017;21.354.956;30.518.158;12.695.824;32.244.092;2.281.857;8.450.706;21.621.739;35.334.668;25.691.617;27.902.716;99.449.104;14.784.871;3.126.982;28.678.134;7.086.355;8.727.277;81.713.806;43.179.085;24.979.836;0;12.393.803;17.492.508;0;36.246.784;18.582.869;34.477.448;100.517.426;51.859.074;7.753.194;9.906.957;2.907.058;34.561.012;0;24.765.633;4.194.824;0;6.068.854;33.754.353
44.691.342;30.339.023;34.201.596;3.535.458;3.728.936;17.789.351;2.555.647;37.424.725;3.269.614;25.074.452;5.180.629;0;0;19.003.464;22.484;13.175.876;17.731.445;134.002.905;17.272.806;37.875.028;21.122.732;5.629.718;19.189.477;17.005.436;6.398.079;12.179.609;20.314.966;2.630.862;5.596.916;1.911.277;20.526.743;48.244.793;3.907.633;51.912.945;76.734.324;24.853.697;2.117.904;6.806.572;47.834.393;7.142.256;27.769.732;32.066.746;27.993.334;47.163.074;24.869.633;22.902.355;55.815.067;14.894.031;40.934.875;2.656.541
25.443.105;205.986;21.819.107;25.236.607;23.360.893;21.502.916;2.522.353;18.022.691;20.846.634;33.380.365;15.224.164;12.890.427;15.258.487;19.064.398;16.003.702;16.963.687;9.404.533;1.764.331;2.742.425;22.368.307;22.801.027;21.700.807;10.125.583;15.869.135;22.929.225;15.202.406;79.176.154;11.874.109;5.902.437;10.207.012;18.551.439;1.615.088;13.919.347;14.606.755;33.612.522;23.438.335;113.637.314;20.303.625;33.138.397;34.106.604;6.854.871;3.507.053;98.562.836;18.082.246;11.238.763;9.795.967;15.506.277;21.239.377;10.696.914;20.432.088
2.306.714;18.416.072;19.591.205;23.904.038;21.710.115;21.597.847;24.912.136;17.980.824;15.326.417;4.205.665;14.835.591;1.886.513;16.607.233;16.746.161;14.644.446;16.107.494;12.819.858;17.932.103;20.714.983;23.390.105;2.705.232;18.764.391;12.044.677;15.741.555;22.140.947;23.483.203;5.870.557;64.822.896;39.620.627;67.686.514;75.005.743;5.435.209;5.166.545;8.674.671;469.018;87.452.625;48.036.713;12.197.634;3.842.464;31.779.546;8.979.136;34.752.434;61.836.725;90.406.537;5.803.131;5.794.406;84.073.737;55.640.515;8.187.841;10.098.675
0;0;0;0;0;0;0;0;0;0;0;0;0;0;0;0;0;0;0;0;0;0;0;0;0;0;2.833.432;11.507.853;74.731.064;2.267.011;32.491.765;4.418.962;5.745.628;2.033.908;16.350.579;40.624.604;4.325.096;883.417;4.836.299;10.889.795;6.614.378;7.757.782;20.512.075;9.177.639;8.199.892;13.582.255;6.994.786;49.822.373;5.231.379;48.087.783
0;0;0;0;0;0;0;0;0;0;0;0;0;0;0;0;0;0;0;0;0;0;0;0;0;0;10.734.712;3.447.028;34.027.894;6.700.235;12.637.546;21.320.435;997.076;9.237.295;79.333.203;15.899.277;21.023.323;25.584.036;17.074.923;2.947.086;2.242.096;10.498.425;932.175;45.014.676;21.958.723;0;15.251.479;24.191.162;13.842.256;17.294.027
0;0;0;0;0;0;0;0;0;0;0;0;0;0;0;0;0;0;0;0;0;0;0;0;0;0;91.512.885;4.079.914;22.069.287;2.029.541;10.418.352;13.932.267;6.725.008;6.583.845;50.380.115;13.441.124;13.829.716;10.533.473;15.645.647;24.297.986;6.068.248;0;64.819.226;89.276.955;1.148.224;94.750.805;96.100.845;15.988.374;94.155.235;16.031.082
20.999.599;14.834.991;16.636.362;17.397.198;16.923.857;8.004.556;126.310.524;20.035.152;15.751.567;0;0;0;0;0;0;0;0;0;0;0;0;0;0;0;0;0;0;0;168.526;19.401.192;39.647.694;2.560.598;16.898.636;22.855.787;0;9.017.602;17.320.138;0;20.813.174;0;7.938.566;0;0;26.200.466;30.476.713;0;19.596.115;8.609.421;61.032.357;25.151.634
0;0;0;0;0;0;0;0;0;0;0;0;0;0;0;0;0;0;0;0;0;0;0;0;0;0;25.526.532;0;0;0;28.159.384;38.251.025;12.411.204;16.055.023;11.287.898;2.982.766;300.554;6.958.208;35.704.703;8.150.268;0;0;1.561.717;7.864.657;61.967.194;0;22.810.284;34.587.216;12.994.358;35.520.108
4.414.587;25.611.365;2.296.926;22.265.569;2.226.155;10.810.643;18.286.029;20.047.769;19.452.512;6.028.454;24.548.473;266.592;27.181.888;2.875.839;2.614.773;34.959.174;22.347.583;283.931;23.285.863;27.070.724;2.483.085;2.787.671;20.776.517;22.322.119;27.054.697;28.134.875;15.915.953;10.950.439;11.662.634;21.016.618;5.044.574;12.601.919;12.659.662;15.783.017;50.891.632;805.014;89.516.685;10.040.409;14.250.533;1.080.766;12.136.551;10.505.108;2.122.017;1.061.231;11.968.289;100.389.786;104.559.685;7.666.036;64.365.875;1.138.554
5.548.247;5.224.337;6.854.454;31.622.293;74.470.416;2.652.115;47.715.402;40.525.165;3.324.823;3.841.097;6.855.049;44.988.895;60.939.996;8.127.445;35.103.992;9.598.767;6.988.012;22.026.126;5.693.192;9.978.894;7.044.136;77.122.186;43.454.965;44.652.716;7.873.326;8.144.411;11.191.453;18.448.663;13.575.056;13.797.131;6.119.247;41.409.116;4.279.193;65.195.575;42.653.082;67.568.616;4.074.552;6.405.559;1584.55;11.110.581;15.705.713;16.287.031;5.487.168;5.680.572;38.398.544;57.930.707;8.630.095;48.140.564;7.884.095;73.617.535
0;0;0;0;0;0;0;0;0;0;0;0;0;0;0;0;0;0;0;0;0;0;0;0;0;0;11.188.549;4.000.534;6.536.317;3.717.594;10.712.025;14.849.252;22.315.929;7.414.088;39.855.344;11.457.634;12.078.021;2.749.727;14.462.683;3.362.917;30.267.082;1.538.549;7.079.867;32.717.847;25.461.536;3.882.274;17.460.782;13.677.614;17.989.384;14.490.916
0;0;0;0;0;0;0;0;0;0;0;0;0;0;0;0;0;0;0;0;0;0;0;0;0;0;42.528.067;0;6.239.257;29.386.822;7.962.154;10.269.058;91.383.575;4.854.131;40.685.355;85.491.156;9.713.618;1.845.172;10.912.185;25.418.588;17.242.332;0;50.604.388;12.319.545;17.170.985;0;9.702.494;12.171.887;10.480.406;10.921.857
0;0;0;0;0;0;0;0;0;0;0;0;0;0;0;0;0;0;0;0;0;0;0;0;0;0;3.803.518;0;20.836.892;18.604.279;37.664.853;53.185.657;39.058.796;23.305.647;14.592.224;4.112.104;43.242.758;8.486.162;52.445.764;13.883.635;0;0;22.651.996;12.901.741;11.882.318;0;6.331.846;4.872.343;6.469.237;5.007.117
0;0;0;0;0;0;0;0;0;62.602.563;0;0;0;0;0;0;0;0;0;0;0;0;0;0;0;0;10.166.678;10.643.188;49.958.612;12.328.743;0;2.195.193;41.977.463;3.777.508;0;14.325.534;8.587.448;43.224.518;26.959.662;20.483.934;30.859.747;1.522.649;0;9.832.664;12.088.436;101.249.374;13.150.725;14.093.187;0;51.741.895
0;0;0;0;0;0;0;0;0;0;0;0;0;0;0;0;0;0;0;0;0;0;0;0;0;0;12.747.201;0;0;0;32.602.316;34.025.995;20.449.068;16.117.787;14.005.492;4.040.951;38.941.235;4.975.546;4.483.855;28.331.623;0;0;18.669.768;4.731.555;51.065.918;0;27.444.317;4.389.109;16.050.259;42.049.988
7.616.981;23.424.901;1.303.428;49.580.124;17.359.257;42.793.823;55.964.954;26.887.262;25.209.987;13.027.772;85.473.305;41.848.288;49.313.193;8.508.655;51.793.066;16.135.742;4.624.447;51.977.405;5.322.572;97.671.985;44.213.077;12.845.531;5.183.668;12.621.929;9.191.765;23.471.361;36.822.373;5.822.191;4.124.972;4.486.502;58.541.914;79.748.438;54.531.616;8.599.385;3.332.779;77.809.736;9.162.175;7.425.543;53.971.855;40.890.244;6.320.486;11.672.641;10.172.581;7.682.567;11.468.435;5.208.186;7.618.952;8.734.854;39.015.273;15.080.867
18.766.156;21.688.858;28.283.087;21.973.724;3.435.608;19.473.242;2.175.958;17.295.728;21.228.181;5.433.259;17.616.217;13.595.595;1.895.603;2.949.247;17.124.884;49.047.336;19.980.344;23.287.639;3.014.861;31.380.536;2.298.977;4.106.108;1.440.341;3.639.409;39.518.417;15.935.234;3.177.616;37.113.098;2.859.365;32.824.847;20.682.596;2.343.118;1.766.016;2.761.656;22.917.117;2.863.543;27.050.995;30.576.495;314.961;25.737.854;46.201.505;41.701.596;3.505.666;28.093.402;30.121.777;22.076.321;3.052.027;3.365.845;16.165.022;41.412.103
14.959.059;11.183.556;12.526.488;15.343.702;13.806.174;14.056.608;16.325.629;11.087.678;93.656.903;31.430.564;10.816.631;1.383.278;12.512.925;12.157.694;11.092.897;11.555.326;9.790.311;13.102.047;17.109.286;18.960.667;21.391.384;13.889.596;8.876.518;11.781.327;16.947.402;18.860.468;38.548.428;4.496.209;28.345.105;42.254.414;547.424;39.426.538;37.713.138;59.498.865;41.483.786;66.731.104;29.693.576;8.063.363;25.088.025;2.383.301;5.896.279;25.512.324;47.719.217;68.707.654;36.511.356;4.502.597;5.329.194;3.567.165;523.475;64.075.366
17.275.502;1.775.202;23.938.168;10.773.673;25.125.967;92.705.574;15.764.363;13.855.957;11.634.527;40.635.505;93.795.525;6.294.869;8.150.843;113.830.986;3.514.473;14.007.858;104.300.514;15.015.419;7.600.044;14.047.346;8.682.812;1.023.988;4.131.629;5.697.404;1.082.293;11.532.413;16.986.568;29.850.943;20.518.898;21.867.213;110.374.985;9.347.125;9.126.529;13.857.825;926.624;13.939.096;10.646.539;12.083.799;30.765.115;14.165.012;3.037.349;2.736.709;12.812.517;8.780.243;7.497.657;1.328.164;168.347;11.274.041;16.253.474;12.274.665
4.298.049;460.683;0;11.969.409;0;0;19.607.248;660.653;0;46.914.154;0;0;0;0;0;0;0;0;0;0;0;0;0;0;0;0;0;0;0;0;0;0;0;0;0;0;0;0;0;0;0;0;0;0;0;0;1.042.464;0;0;0
0;0;0;0;0;0;0;0;0;0;0;0;0;0;0;0;0;0;0;0;0;0;0;0;0;0;20.640.875;69.316.854;103.879.795;337.496;32.691.235;39.424.518;1.265.253;30.608.524;24.365.805;40.219.165;4.184.107;1.539.552;37.623.404;24.957.013;2.048.775;54.699.745;33.612.262;24.971.953;20.081.691;6.644.473;17.519.284;51.060.184;16.140.218;4.142.764
0;0;0;0;0;0;0;0;0;17.990.635;0;17.415.893;0;19.053.247;0;0;0;8.382.286;873.522;2.110.952;21.758.125;8.490.553;0;0;3.316.928;20.334.384;15.295.341;35.652.985;20.835.567;28.617.078;71.430.695;51.379.196;30.199.345;57.096.706;0;7.398.638;21.584.167;7.486.073;97.604.645;8.628.541;19.259.538;58.624.607;17.397.316;22.600.906;0;0;15.151.704;27.060.125;23.621.483;44.520.844
27.447.556;13.108.774;16.194.348;13.818.756;15.089.598;713.536;11.234.869;13.387.128;123.168.594;0;0;0;0;0;0;0;0;0;0;0;0;0;0;0;0;0;10.586.692;58.629.955;11.726.577;16.070.552;24.690.521;71.329.865;17.041.435;11.577.731;7.488.909;2.991.675;50.219.524;82.722.206;5.564.508;4.889.283;65.002.495;61.278.217;10.879.932;57.560.402;75.194.373;48.796.547;35.476.025;5.402.488;13.267.796;38.093.536
14.861.034;6.121.627;76.619.507;5.400.474;5.745.735;2.949.951;0;58.923.914;0;40.633.313;21.726.108;21.980.146;2.228.244;22.620.264;21.061.775;31.094.758;19.472.527;22.093.271;1.923.146;24.425.393;1.855.838;21.230.615;21.842.354;2.013.211;21.850.647;22.109.263;0;0;0;0;0;0;0;0;35.206.238;0;0;0;0;0;0;0;0;86.814.476;0;0;0;0;0;0
18.854.702;18.201.916;10.339.343;2.148.698;21.296.358;19.757.559;8.067.171;18.557.747;14.073.871;34.903.423;20.767.508;10.026.077;2.542.203;38.308.903;4.113.063;12.210.911;38.697.863;13.167.581;48.033.512;24.004.799;34.172.455;59.500.317;36.758.697;40.954.914;3.346.767;39.018.333;15.771.631;29.677.887;827.565;28.756.024;14.933.375;39.495.995;48.093.517;27.200.968;9.852.276;89.645.325;3.333.434;9.261.094;48.368.755;8.289.356;2.995.583;12.670.439;24.786.093;5.912.871;21.714.394;34.946.228;27.431.198;743.012;33.393.906;5.791.378
0;0;0;0;0;0;0;0;0;0;17.030.223;21.261.539;10.265.422;22.108.472;16.845.833;2.162.096;31.054.974;13.085.616;23.508.247;37.117.554;17.659.769;19.029.181;16.162.317;112.458.954;11.920.908;17.967.693;0;0;0;0;0;0;0;0;0;0;0;0;0;0;0;0;0;0;0;0;0;0;0;0
0;0;0;0;0;0;0;0;0;0;0;0;0;0;0;0;0;0;0;0;0;0;0;0;0;0;82.079.047;0;0;12.453.438;6.360.415;1.039.514;74.651.505;3.862.612;2.835.325;77.848.096;8.907.094;11.503.009;96.949.817;14.337.941;0;0;30.111.722;1.358.386;106.167.114;0;11.488.397;94.133.563;67.454.185;93.804.016
0;0;0;0;0;0;0;0;0;0;0;0;0;0;0;0;0;0;0;0;0;0;0;0;0;0;3.522.182;0;0;0;25.917.764;43.806.967;0;18.454.001;115.210.266;3.353.483;35.345.383;2.114.406;42.346.567;6.279.062;0;0;11.346.278;29.938.763;0;0;0;4.404.244;0;43.065.247
0;0;0;0;0;0;0;0;0;0;0;0;0;0;0;0;0;0;0;0;0;0;0;0;0;0;36.964.755;0;0;0;1.761.724;10.365.953;0;8.503.534;11.159.358;8.367.725;892.056;0;10.345.487;18.085.888;0;0;0;14.061.756;0;0;30.647.245;11.215.321;0;9.519.537
71.167.847;3.744.809;36.914.267;18.376.997;3.131.372;0;37.529.456;18.894.003;15.107.877;30.910.696;0;0;0;0;0;0;0;12.111.114;0;0;19.762.416;0;0;0;0;0;0;0;0;0;0;0;0;0;0;0;0;0;0;0;0;0;0;0;0;0;0;0;0;0
0;0;0;0;0;0;0;0;0;0;0;0;0;0;0;0;0;0;0;0;0;0;0;0;0;0;14.838.171;54.667.217;18.155.216;6.305.858;17.089.332;2.158.334;18.592.249;87.999.725;8.051.793;19.026.119;19.235.917;2.912.746;21.609.531;3.529.701;13.410.278;26.455.944;80.933.844;34.111.017;27.950.464;17.523.291;3.267.973;23.694.385;19.666.577;2.145.622
25.871.924;28.526.285;0;75.468.024;0;0;0;26.200.523;0;29.596.783;0;0;0;0;0;0;0;0;0;0;0;0;0;0;0;0;0;0;0;0;0;0;0;0;0;0;0;0;0;0;0;0;0;0;0;0;27.886.135;0;0;0
0;0;0;0;0;0;0;0;0;0;0;0;0;0;0;0;0;0;0;0;0;0;0;0;0;0;5.477.135;0;38.916.268;2.320.427;5.951.547;96.011.896;14.842.077;35.664.084;3.229.179;6.937.726;7.516.862;12.852.501;83.729.407;12.149.104;0;0;34.075.854;11.886.854;9.370.285;0;58.074.223;8.674.446;578.894;7.813.383
0;0;0;0;0;0;0;0;0;0;0;0;0;0;0;0;0;0;0;0;0;0;0;0;0;0;9.224.192;68.914.566;15.631.619;11.670.168;11.676.307;16.547.727;17.479.353;71.082.684;58.978.894;14.983.079;15.201.259;28.798.367;15.999.789;3.417.883;37.300.262;27.150.118;7.044.795;32.940.198;22.502.777;17.704.234;28.890.024;18.038.032;13.563.916;18.315.181
0;0;0;0;0;0;0;0;0;0;0;0;0;0;0;0;0;0;0;0;0;0;0;0;0;0;45.142.422;0;0;20.484.993;52.725.165;6.695.154;31.035.698;2.805.656;2.792.482;55.217.615;6.251.427;12.094.614;62.567.145;9.739.044;0;0;2.859.493;89.641.846;86.205.734;0;12.751.026;64.715.796;2.897.453;58.314.124
14.391.895;6.197.416;6.793.817;34.715.536;45.921.703;0;41.640.903;33.046.082;30.128.302;0;0;0;0;0;0;0;0;0;0;0;0;0;0;0;0;0;0;0;0;0;0;0;0;0;0;0;0;0;0;0;0;0;0;0;0;0;0;0;0;0
0;0;0;0;0;0;0;0;0;12.806.264;17.762.419;10.789.618;17.827.061;23.554.114;70.608.894;25.213.339;18.323.386;60.945.347;21.552.602;33.039.404;23.552.428;22.506.654;10.026.608;961.172;24.911.005;26.198.108;0;0;0;0;0;0;0;0;0;0;0;0;0;0;0;0;0;0;0;0;0;0;0;0
0;0;0;0;0;0;0;0;0;0;0;0;0;0;0;0;0;0;0;0;0;0;0;0;0;0;43.422.464;1.941.484;34.375.854;9.322.076;8.303.477;9.395.529;16.530.988;60.886.066;5.563.192;9.598.077;9.743.084;3.045.636;10.409.113;37.161.716;6.357.823;28.740.038;6.444.759;37.390.976;29.510.358;655.383;25.352.666;11.686.144;16.096.825;11.026.495
0;0;17.549.047;0;0;0;0;0;0;0;0;0;0;0;0;0;0;0;0;0;0;0;0;0;0;0;13.741.886;14.622.629;9.873.135;10.545.152;22.171.824;35.829.468;0;2.418.362;16.557.953;2.476.149;8.963.704;119.819.115;38.702.427;29.416.533;3.698.409;19.678.034;17.445.443;6.455.491;13.311.447;30.128.613;1.379.583;4.194.517;11.665.752;0
0;0;0;0;0;0;0;0;0;0;0;0;0;0;0;0;0;0;0;0;0;0;0;0;0;0;5.212.471;0;0;0;48.855.588;9.349.805;0;0;7.605.465;5.320.006;8.649.504;0;9.990.537;0;0;0;0;0;0;0;11.094.172;10.874.911;0;96.524.066
1.502.457;15.741.168;0;40.858.957;0;0;0;0;0;0;0;0;0;0;0;0;0;0;0;0;0;0;0;0;0;0;0;0;0;0;0;0;0;0;0;0;0;0;0;0;0;0;0;0;0;0;0;0;0;0
0;0;0;0;0;0;0;0;0;0;0;0;0;0;0;0;0;0;0;0;0;0;0;0;0;0;28.192.383;0;0;0;24.601.056;503.825;0;17.864.236;13.424.876;40.523.035;42.017.548;23.454.182;4.772.011;15.911.887;0;0;127.852.104;0;0;0;0;33.655.048;0;47.425.443
5.285.362;8.015.513;68.875.206;7.226.749;8.322.211;8.320.808;4.807.865;52.055.847;8.367.056;0;0;0;0;0;0;0;0;0;0;0;0;0;0;0;0;0;5.976.805;6.145.129;1.931.563;18.563.322;19.770.022;16.913.853;25.033.057;15.841.698;1.871.517;89.867.664;23.926.748;18.801.665;7.175.132;13.207.153;6.869.457;19.590.735;21.500.461;31.541.948;3.049.795;17.761.676;16.847.245;21.706.572;5.916.634;27.045.723
0;0;0;0;0;0;0;0;0;0;0;0;0;0;0;0;0;0;0;0;0;0;0;0;0;0;21.140.613;0;0;0;17.312.247;359.922;35.623.398;8.996.879;58.937.225;24.327.116;27.971.136;0;34.279.303;20.492.473;0;0;9.988.368;0;0;0;19.646.528;3.546.442;0;3.793.106
0;31.740.711;18.011.534;0;2.852.564;37.125.496;0;0;320.997;0;0;0;0;0;0;0;0;0;14.528.613;21.127.365;0;0;0;0;57.428.555;0;0;0;0;0;0;0;0;0;0;0;0;0;0;0;0;0;0;0;0;0;0;0;0;0
1.689.667;11.510.024;13.092.383;9.157.949;13.006.348;1.318.863;19.840.738;13.366.823;11.133.113;16.274.542;4.572.286;38.368.744;32.538.734;2.601.732;19.356.266;42.906.483;54.899.338;72.104.866;5.263.817;9.796.937;32.217.476;5.929.361;52.231.117;47.378.334;5.462.754;43.616.882;4.145.618;42.977.005;35.615.637;43.187.238;0;0;0;0;0;0;0;0;48.142.505;28.751.248;45.844.205;27.463.727;0;0;0;0;0;0;0;0
0;54.584.866;7.343.515;44.221.508;15.847.858;4.332.884;59.083.565;28.317.951;83.533.264;0;17.487.007;18.806.297;24.042.597;15.890.326;0;19.375.174;0;0;21.682.011;104.348.724;48.953.697;2.279.953;18.198.717;0;10.769.061;103.616.455;0;62.253.677;65.534.355;6.526.223;0;0;27.019.972;0;0;0;0;1.343.858;12.061.647;0;0;22.606.731;0;0;19.971.421;113.475.685;0;0;6.691.652;20.707.472
27.086.309;13.023.934;1.501.383;89.870.654;94.884.485;50.860.706;7.854.077;10.631.499;10.401.604;10.422.439;41.613.174;42.314.736;4.114.642;42.997.646;3.921.285;62.006.025;34.724.592;4.161.407;36.514.185;43.330.586;34.281.804;3.901.359;37.913.264;35.423.901;40.767.773;39.113.584;49.864.783;31.748.306;59.020.984;87.002.045;19.646.436;87.054.803;7.570.295;7.599.108;31.495.984;48.001.215;450.952;35.288.464;4.634.828;43.506.558;5.252.335;42.729.196;1.631.572;58.812.933;49.461.768;36.045.883;7.185.449;55.897.314;8.486.821;81.562.646
0;19.074.066;0;11.344.706;5.288.415;9.276.943;0;0;42.562.927;0;0;0;0;0;0;0;0;0;3.544.442;0;0;0;0;0;36.361.547;0;9.524.477;437.371;0;10.217.471;0;0;0;0;0;0;0;10.292.899;0;0;0;0;0;0;0;0;0;0;0;0
0;57.619.135;26.308.332;20.201.485;2.197.118;33.441.986;0;12.984.455;43.721.808;0;0;0;0;0;0;0;0;0;5.647.023;12.633.842;42.305.763;0;0;0;20.816.304;10.477.337;15.626.369;1.349.396;4.933.668;1.202.072;0;0;3.422.616;0;0;0;0;53.430.566;0;0;0;0;0;0;0;12.348.116;0;0;73.393.874;0
23.235.771;16.255.318;17.813.393;16.752.283;16.215.158;1.115.358;0;16.175.247;11.612.631;16.861.229;10.505.157;1.057.487;10.012.008;9.912.443;93.554.865;12.878.466;88.047.266;9.187.803;89.188.245;1.096.965;83.672.864;9.101.275;80.141.455;8.353.441;89.226.465;93.006.323;53.957.855;3.614.952;6.096.693;64.809.424;24.216.684;6.525.236;62.050.934;65.737.885;423.123;5.268.492;5.385.916;4.474.819;57.080.493;48.817.233;5.086.749;49.880.984;2.797.593;5.988.228;48.167.282;45.965.125;6.666.008;5.760.004;7.433.554;68.636.523
0;0;0;0;0;0;0;0;0;84.248.846;32.888.336;50.845.578;48.765.814;52.445.013;49.807.928;660.112;43.929.022;37.365.472;43.156.424;48.750.433;4.058.597;4.748.155;42.848.993;4.309.375;4.928.656;5.188.651;0;0;0;0;0;0;0;0;0;0;0;0;0;0;0;0;0;0;0;0;0;0;0;0
0;0;0;0;0;0;0;0;0;87.012.646;47.069.385;46.518.222;47.519.302;49.059.424;46.982.462;69.681.366;41.881.683;4.944.395;44.062.225;4.824.902;40.095.187;4.885.211;41.111.188;4.211.217;46.356.097;47.683.502;0;0;0;0;0;0;0;0;0;0;0;0;0;0;0;0;0;0;0;0;0;0;0;0
31.580.334;26.083.469;26.304.906;25.514.072;25.552.113;17.518.197;22.375.531;24.875.781;23.441.488;24.508.854;18.345.871;17919.15;18265.21;18.170.078;17.985.824;20.490.521;16.965.902;18.098.895;17222.68;17.336.914;16705.47;17.652.746;16484.67;17.143.738;17.946.445;17762.11;24.686.455;15211.5;23271.27;29.811.883;12.105.889;28.462.488;26.048.664;25.348.676;16.368.759;19.402.533;19802.8;17.243.057;24.068.457;20.646.492;20.159.285;18.570.516;9.933.495;20.455.428;20.027.045;16.251.466;23.762.463;21.393.418;26.826.332;23.765.383
7.861.204;5.356.737;6.860.863;54.211.346;5.304.264;5.315.708;6.158.892;5.403.139;5.201.944;5.205.393;3.650.077;35.869.064;37.381.738;35.007.428;3.977.044;50.524.646;36.376.642;3.825.083;368.863;44.198.102;36.304.303;3.503.711;32.564.935;3.534.902;3.489.837;3.588.901;82.654.987;6.681.726;915.256;11.682.328;59.308.435;95.781.744;10.068.796;9.422.523;74.717.175;826.624;71.569.745;7.192.332;7.368.577;7.133.087;71.669.824;8.036.306;52.849.243;8.659.503;7.789.911;7.587.716;8.911.118;875.8;10.253.453;91.657.983
10.516.348;68.768.774;709.092;6.743.412;6.458.542;3.717.704;0;6.562.538;0;11.401.199;81.198.584;81.298.987;84.265.283;8.479.156;80.435.266;10.842.366;7.691.352;8.034.215;79.662.695;7.353.628;76.940.985;80.272.504;888.592;78.750.146;8.026.028;85.987.964;0;0;0;0;0;0;0;0;0;0;0;0;0;0;0;0;0;0;0;0;0;0;0;0
93.193.604;9.651.409;9.228.687;85.352.856;10.979.674;5.561.762;12.046.166;10.639.869;8.439.147;50.314.346;6.689.234;2.941.974;5.275.184;54.555.695;21.784.311;6.576.159;23.953.604;5.415.128;66.699.963;8.546.181;7.231.327;7.333.932;24.995.224;24.201.653;625.671;61.947.327;24.147.734;34.229.006;18.176.738;25.087.407;12.356.216;9.617.754;8.566.332;10.889.886;94.254.224;14.661.447;10.321.245;12.642.919;21.293.354;13.522.941;26.713.533;19.151.556;8.888.706;9.474.079;99.644.806;100.243.744;12.068.805;11.110.531;8.891.352;11.336.959
46.503.308;5.435.449;501.351;48.290.634;5.756.608;3.887.234;61.105.676;6.191.671;48.069.418;0;0;0;0;0;0;0;0;0;0;0;0;0;0;0;0;0;17.423.303;22.414.775;15.424.354;18.852.028;13.847.194;10.893.167;11.319.387;11.819.955;1.099.891;14.281.042;11.331.923;12.944.075;18.338.253;1.457.692;19.410.278;1.673.301;11.206.172;10.669.187;11.533.041;12.418.743;11.951.237;1.227.695;11.419.084;12.153.953
0;0;0;0;0;0;0;0;0;36.413.116;64.700.966;15.725.078;62.633.324;5.112.958;6.210.069;8.955.478;30.824.667;3.779.048;51.830.185;24.677.986;39.788.197;21.915.745;26.224.216;28.529.743;39.044.434;34.060.165;0;0;0;0;0;0;0;0;0;0;0;0;0;0;0;0;0;0;0;0;0;0;0;0
0;0;0;0;0;0;0;0;0;0;0;0;0;0;0;0;0;0;0;0;0;0;0;0;0;0;6.181.126;63.823.773;1.409.205;83.827.313;0;0;0;8.663.787;0;0;0;15.073.193;4.081.358;3.213.916;8.004.933;27.479.836;0;0;0;0;0;19.699.776;0;1.827.555
