row m/z;MCCe0449.mzML Peak area;MCCe0450.mzML Peak area;MCCe0451.mzML Peak area;MCCe0452.mzML Peak area;MCCe0453.mzML Peak area;MCCe0454.mzML Peak area;MCCe0455.mzML Peak area;MCCe0456.mzML Peak area;MCCe0457.mzML Peak area;MCCe0458.mzML Peak area;MCCe0459.mzML Peak area;MCCe0460.mzML Peak area;MCCe0461.mzML Peak area;MCCe0462.mzML Peak area;MCCe0463.mzML Peak area;MCCe0464.mzML Peak area;MCCe0465.mzML Peak area;MCCe0466.mzML Peak area;MCCe0467.mzML Peak area;MCCe0468.mzML Peak area;MCCe0469.mzML Peak area;MCCe0470.mzML Peak area;MCCe0471.mzML Peak area;MCCe0472.mzML Peak area;MCCe0473.mzML Peak area;MCCe0474.mzML Peak area;MCCe0481.mzML Peak area;MCCe0482.mzML Peak area;MCCe0483.mzML Peak area;MCCe0484.mzML Peak area;MCCe0485.mzML Peak area;MCCe0486.mzML Peak area;MCCe0487.mzML Peak area;MCCe0488.mzML Peak area;MCCe0489.mzML Peak area;MCCe0490.mzML Peak area;MCCe0491.mzML Peak area;MCCe0492.mzML Peak area;MCCe0493.mzML Peak area;MCCe0494.mzML Peak area;MCCe0495.mzML Peak area;MCCe0496.mzML Peak area;MCCe0497.mzML Peak area;MCCe0498.mzML Peak area;MCCe0499.mzML Peak area;MCCe0500.mzML Peak area;MCCe0501.mzML Peak area;MCCe0502.mzML Peak area;MCCe0503.mzML Peak area;MCCe0504.mzML Peak area
111.1165251;0;0;0;0;0;0;0;0;0;0;0;0;0;0;0;0;0;0;0;0;0;0;0;0;0;0;138.49338;13.55427;55.319363;61.21632;48.5332;224.09764;21.992205;151.29846;80.51506;160.98366;204.70224;131.43137;271.42642;105.03995;20.834265;43.236607;62.33822;18.679832;116.69975;23.032953;20.777374;138.2414;57.174126;241.36707
122.0966048;82.88624;6.285302;35.842945;43.619076;20.063797;2.0768614;0;0;0;21.258905;59.21864;19.128927;19.37567;5.663203;46.68348;15.919919;73.951935;45.0737;48.192966;2.0537677;13.670015;65.47521;8.250324;19.71253;59.076435;70.27367;41.517273;12.8794365;55.650463;137.92294;227.06456;290.64325;86.876564;565.503;51.001183;1523.6973;112.274254;409.9763;55.187077;29.284744;97.40214;24.965935;185.09229;214.836;188.53455;390.20447;445.82062;523.3054;626.6219;535.23865
127.0729604;0;0;0;0;0;0;0;0;0;0;0;0;59.253002;0;0;0;0;0;0;0;0;0;0;0;286.4424;0;0;0;0;0;0;0;0;0;2.2232003;0;0;0;0;0;0;0;0;0;0;0;0;0;0;0
130.1588162;0;0;0;0;0;0;0;0;0;0;0;0;0;0;0;0;0;0;0;0;0;0;0;0;0;0;0;0;1.8126092;0;11.203005;84.775024;646.83606;188.57793;63.474274;16.051432;84.88971;61.973965;0;27.416512;13.7599125;13.403299;70.8795;83.14714;151.4525;41.112045;119.30229;213.78098;119.893105;171.00797
133.0348857;343.6474;279.12976;166.35059;354.86032;205.9563;270.20142;172.63622;120.76802;288.15033;668.74506;1223.6002;1333.2191;1341.4884;631.6428;2438.433;791.421;1190.422;1185.0172;1794.3197;1281.6764;1135.083;552.692;284.7745;961.5593;264.94315;664.4084;0;0;0;0;0;0;0;0;0;0;0;0;0;0;0;0;0;0;0;0;0;0;0;0
135.0474097;0;0;0;0;3.3812225;0;0;0;0;0;0;0;0;0;0;0;0;0;20.526735;0;0;0;0;0;0;0;0;14.554607;0;0;0;0;0;0;0;0;0;282.11957;0;0;0;0;0;0;0;0;0;0;0;0
138.9065444;7.0315456;17.114973;9.068636;28.24692;18.523663;14.279414;13.995943;21.367945;30.865614;49.354706;38.014545;50.799828;55.143177;32.70967;32.083775;47.594902;45.405468;38.845695;24.324375;40.067856;57.177647;51.843925;45.98882;50.44176;44.69479;25.348162;0;87.98259;0;2.2283392;0;0;0;0;0;0;0;415.5842;0;0;0;0;2.7995558;0;0;0;373.50665;0;2.0694852;0
142.0348207;103.58983;73.404015;27.293297;67.793106;66.67414;61.020634;57.675125;123.19963;44.34577;203.83345;141.93378;168.98215;146.69734;137.96603;550.172;261.6449;156.54366;155.75725;421.87674;154.832;119.82751;180.61421;112.20966;242.6583;160.82309;129.27882;0;0;0;0;0;0;0;0;0;0;0;48.541103;0;0;0;0;0;0;0;0;0;0;0;0
142.938678;0;0;0;0;0;0;0;0;0;0;0;0;0;0;0;0;0;0;0;0;0;0;0;0;0;0;0;503.80768;16.767134;7.334537;0;0;0;0;0;0;0;54.746323;0;0;0;53.355255;2.0236382;0;0;0;11.879293;0;26.980036;0
144.0477538;93.82649;0;0;0;0;0;0;0;0;302.16806;0;0;0;0;0;0;0;0;0;0;0;0;0;0;0;0;0;0;0;0;0;0;0;0;0;0;0;0;0;0;0;0;0;0;0;0;0;0;0;0
147.0140949;69.20236;29.650537;16.783455;56.38702;2.0049458;50.00155;5.9282355;7.05986;40.244095;173.96948;88.08103;116.31089;112.448975;86.677414;435.09558;156.97661;112.834946;113.27807;297.17944;100.25646;84.49066;138.19867;50.306854;146.23677;90.8039;94.788475;0;0;0;0;0;0;0;0;0;0;0;0;0;0;0;0;0;0;0;0;0;0;0;0
153.0333817;0;0;0;0;0;0;0;0;0;0;0;0;0;0;0;0;0;0;0;0;0;0;0;0;0;0;41.69725;399.5936;118.822266;118.31622;0;0;28.285465;36.02153;0;0;21.311947;1456.6614;0;0;0;41.787083;133.67314;72.43219;46.580486;0;925.0715;0;83.97414;24.335783
155.1066192;0;28.806873;2.3181655;0;0;0;0;1.6943738;0;387.2587;161.9683;186.53062;201.33424;212.05016;259.0203;285.97894;228.28963;224.37263;194.75388;205.78513;188.69205;242.45499;144.54497;257.71503;253.54698;193.21327;126.41185;201.2864;244.71469;290.07898;222.20512;248.35843;302.44513;185.73433;247.45131;253.8458;279.98474;218.90102;183.71143;206.64172;207.81718;247.49142;276.28363;319.0603;285.0344;179.21315;220.7832;250.75227;136.38564;275.42526
157.1700695;3084.7126;2517.7979;731.526;4055.2615;1086.2485;1591.1764;1144.7651;1407.8918;955.61395;3712.3171;82.182236;129.15973;363.64407;54.82808;21.86425;42.271782;53.60612;54.31968;39.74832;24.077072;26.892578;0;15.285226;8.86383;15.535177;18.334284;15.638283;20.701084;1.7189527;44.863506;0;112.88897;74.666916;0;0;61.579567;0;0;23.741684;0;25.477308;20.249496;21.177513;37.65692;0;499.64056;64.14128;0;51.85152;35.725945
160.6170379;194.68918;187.77318;425.40973;297.2791;817.7202;434.762;773.46814;616.26385;692.95197;816.0116;437.84576;132.27321;322.65308;827.2477;682.89044;888.3227;587.29645;732.87634;536.6618;790.5652;737.89166;901.20526;767.0507;881.03394;856.02386;437.65143;48.849766;24.04981;21.033365;25.249268;31.288118;32.234543;16.393051;54.475475;44.423706;0;25.32986;0;26.831434;0;24.39368;0;29.452448;20.702229;0;0;0;0;24.748354;0
165.112308;382.58386;383.28937;508.06088;442.75354;420.33163;373.19052;302.71237;350.47583;362.83755;94.39893;96.16728;62.668995;49.431458;76.01913;98.761734;87.678314;52.235626;78.471596;9.412861;93.87348;104.103;127.06508;117.608826;179.08202;134.06111;121.954956;341.40256;353.65082;386.96725;448.6632;345.30264;350.49393;451.22217;348.10953;377.48892;330.4226;433.3069;395.74594;319.1259;288.12524;258.14355;434.67926;378.81766;470.83203;501.31345;397.84946;365.88702;433.0258;264.4209;515.40546
168.1225428;268.50763;291.3699;332.22607;310.84424;342.06848;294.32516;328.14423;293.9779;294.71164;330.22574;287.27258;289.5157;254.87326;339.52188;330.51086;405.31955;338.15552;325.98477;286.99615;336.10495;326.30548;326.03897;334.67886;375.27448;373.5381;281.58472;125.25835;105.68129;124.14617;123.35936;113.51889;127.18417;73.33816;112.73974;87.34679;137.84578;58.27928;87.890274;128.64647;95.88072;26.77392;150.33934;87.66546;116.56061;98.40662;55.37345;108.43171;80.23592;69.349945;90.4855
170.1176782;49.22506;31.117897;86.056984;46.939594;56.673412;25.111944;29.787588;40.781197;44.1696;156.95738;87.1757;80.25379;64.448074;104.22205;153.46263;132.2519;106.90075;131.19919;96.28916;109.286964;100.25442;131.89822;47.837894;119.139534;127.571335;99.14587;736.1009;833.094;1100.5146;1815.7338;1741.16;831.4107;2139.8945;845.1903;1008.03265;1629.3436;1415.8683;1058.9601;840.1271;605.7555;636.433;1836.8955;1789.7659;2530.9592;1726.194;950.2392;881.6166;1673.6372;544.8779;1496.7297
170.1178186;72.86503;29.32737;87.51155;122.99275;105.150635;64.67117;67.00685;64.06827;92.854;23.96803;0;0;0;0;0;0;0;1.8746619;0;0;35.529438;2.8066587;0;52.272526;5.7944856;14.959425;159.88753;206.74828;229.20836;204.6002;162.57109;190.29482;345.14838;207.55466;247.53925;202.43835;228.65822;270.41806;142.72612;174.30664;158.16609;308.9995;233.80461;274.08096;310.93863;140.31464;196.41751;181.4425;149.70282;258.86273
172.1329934;0;0;0;0;1.7306386;0;0;0;0;958.0036;490.56604;401.43555;465.32227;520.14276;658.45844;643.8114;592.99915;552.13544;451.40683;511.3206;438.00262;597.5635;388.7277;636.5529;567.5901;474.09625;211.35858;492.37997;285.5363;511.05396;442.8614;486.90228;551.0947;550.3945;233.54398;520.4715;312.3902;235.43614;284.58865;257.53287;268.77747;491.29483;301.0488;590.6942;560.86633;565.3885;292.54968;290.4361;265.74683;655.4938
172.1330377;0;0;0;0;0;0;0;0;0;0;0;0;0;0;0;0;0;0;0;0;0;0;0;0;0;0;1278.7172;4.0965853;149.54712;8.084445;7.4281664;22.566366;9.521973;1.7748964;3.9455476;2.3558555;22.049923;7.163334;1.6817539;0;5.985185;2.756995;7.9344497;7.919161;15.106794;4.024473;1.7890749;2.2888565;56.63032;11.720355
172.1331481;250.22945;247.36372;371.60794;294.1016;292.077;228.42743;197.49907;204.67502;242.1859;939.84766;481.2416;391.3042;454.79996;509.94714;184.49971;204.5342;573.566;542.5546;435.1699;491.85657;430.62708;583.46356;382.8661;176.80936;159.62813;469.22272;1512.9546;2285.446;3559.4805;2724.543;2525.765;2502.743;4085.5642;2316.4395;2197.6545;3640.346;4071.1445;2533.62;2198.327;2010.5509;1933.0184;2733.7708;3946.9187;5087.246;3310.2905;2198.5847;1931.5184;4073.2627;1768.6085;4670.242
172.1331913;0;0;0;0;0;0;0;0;0;0;0;0;0;0;0;0;0;0;0;0;0;0;0;0;0;0;0;29.763416;50.83132;145.23808;428.23682;94.07349;628.9844;57.608727;87.88344;7.795312;112.403;68.154106;39.247013;15.025494;15.804495;129.07283;77.9516;958.54254;909.9501;100.11513;96.93111;91.76991;71.29004;140.81555
174.1489828;164.25656;151.88773;74.26423;106.46571;111.77927;127.94895;152.81673;90.04445;101.91515;173.1809;33.49972;27.362976;62.71695;41.354465;77.377716;65.42575;16.16471;81.905205;56.616295;21.409782;64.40033;55.44513;45.393654;82.98233;71.01275;74.161064;253.95374;29.422363;129.03679;340.24896;0;0;0;0;0;0;0;0;178.74924;220.44505;586.4471;174.99127;0;0;0;0;0;0;0;0
181.1300107;75.988846;60.942963;183.60588;16.657822;141.13354;156.56824;208.24625;45.670635;192.77304;496.0638;24.912077;485.98706;488.2403;676.3053;516.12305;728.34467;316.42404;686.45483;573.41284;361.50717;420.29904;725.246;620.50867;738.02325;547.08527;280.8328;59.09012;65.56406;90.97592;80.34327;44.658985;39.692104;17.017166;35.08786;21.9281;76.08731;52.369938;0;58.480057;32.69793;99.42346;42.28678;77.957184;43.02206;0;31.04374;25.94294;119.63042;23.72448;45.348747
185.1653094;292.23758;266.9355;42.923985;763.4935;53.487923;47.37097;43.373314;98.11573;35.89103;266.35287;0;0;0;0;0;0;0;0;0;0;0;0;0;0;0;0;0;0;0;0;0;0;0;0;0;0;0;0;0;0;0;0;0;0;0;0;0;0;0;0
188.1278272;0;0;0;0;0;0;0;0;0;0;0;0;0;0;0;0;0;0;0;0;0;0;0;0;0;0;108.54541;112.20177;129.22453;148.76184;140.0588;102.89808;176.71124;152.09903;145.21281;118.12371;150.15106;182.45299;107.05524;63.584282;53.273563;179.86647;166.10547;211.20229;170.19807;75.242775;122.97299;123.306305;89.35567;169.3602
188.1279241;120.70676;111.79036;148.1366;114.92644;138.21944;103.8578;78.83936;99.64567;116.40152;457.53812;220.89284;197.8158;204.6335;236.0906;312.51086;294.9653;275.41458;245.10019;198.8843;208.88618;205.34337;270.66403;183.29039;281.17593;270.57092;194.62206;760.37134;776.2558;1023.93756;1105.9696;807.25336;893.9419;1016.1433;942.02405;1032.3419;920.1324;1056.933;871.0695;876.63165;763.4859;697.70557;1062.6338;1065.2897;1361.7147;1386.2301;838.01196;875.98193;1027.1917;616.1625;1167.5934
192.1592875;147.6211;339.68497;0;611.1979;0;0;0;6.063987;0;283.664;0;0;0;0;0;0;0;0;0;0;0;0;0;0;0;0;0;0;0;0;0;0;0;0;0;0;0;0;0;0;0;0;0;0;0;0;0;0;0;0
194.1149753;39.704037;31.043545;85.67799;99.49064;91.274574;152.51291;161.83536;39.604958;155.23392;88.378105;79.203354;119.98431;152.17345;104.557724;127.46528;97.402885;112.00337;99.04451;117.88758;135.04747;131.50143;112.57593;109.36497;113.20548;118.83895;125.594604;1279.517;1377.2351;1560.8606;1602.0143;1674.0989;1731.8682;1724.6759;1690.3616;1787.5814;1694.2751;1763.3484;1724.9628;1783.5558;1675.9061;1728.1764;1833.0492;1962.1249;1868.1101;1706.2324;1840.7448;1816.0735;1700.4631;1794.2388;1713.701
194.1150266;363.60583;356.9705;457.44922;381.72415;397.37653;341.0615;279.1074;333.60364;366.98273;282.01227;193.65422;138.01794;130.95282;162.88805;209.43082;203.50148;218.10352;221.01842;160.57874;175.57114;136.15862;210.26968;136.25162;253.71144;196.78586;166.84384;1098.0697;1352.2809;1376.7474;1994.356;1500.7083;2308.556;2376.4678;2149.418;1876.912;2182.7808;2415.4373;2093.3086;1490.2052;1364.7267;1893.1901;2463.8347;2337.3806;2439.2595;2722.8127;881.523;2140.9734;2379.1729;1740.0363;2931.5212
199.0574898;74.21504;107.04945;98.48215;100.60674;23.157473;24.515652;0;0;0;191.26167;44.98925;63.211994;21.715158;50.535576;87.05882;42.222744;104.21026;13.511026;36.121517;49.664288;67.92345;41.75422;56.839214;108.41416;57.010487;35.969913;104.86182;378.34622;71.9334;394.82675;2.3827157;1.7258059;0;38.58059;7.9172897;23.324963;46.639793;64.79797;133.65022;158.41452;398.11905;73.749535;9.633573;0;0;27.541744;38.66678;21.560215;28.935823;60.706238
199.6183143;0;0;271.3048;0;0;0;0;0;0;618.6481;523.5555;527.04065;512.00586;599.96375;534.1449;535.7831;486.85376;509.37775;395.0724;540.5726;578.55585;516.1292;556.13684;522.36053;482.9005;443.76315;0;0;0;0;0;0;0;0;0;0;0;0;0;0;0;0;0;0;0;0;0;0;0;0
207.1590318;0;0;0;0;0;0;0;0;0;0;0;0;0;0;0;0;0;0;0;0;0;0;0;0;0;0;6.6895967;0;2.045268;55.423523;165.42216;12.621341;10.655984;351.76907;57.8857;255.97278;15.353772;74.635605;229.00034;32.29568;44.9727;0;533.9826;0;41.01591;0;0;81.68864;72.08496;177.54332
207.1593456;349.18976;318.3526;430.22855;388.94543;388.6479;346.17657;264.4863;322.70175;330.4663;55.055363;43.522804;13.094616;32.618557;18.81361;51.54613;64.4769;17.515144;53.746998;37.83151;17.276669;6.687601;89.770874;78.69837;134.13103;98.890594;84.53641;262.78445;345.80344;332.20914;349.34534;333.2586;315.60318;416.93124;239.98953;333.9238;311.82043;407.67728;329.93808;322.9526;230.38597;317.57715;330.346;334.1321;479.62985;330.29843;312.28732;261.62207;386.81125;185.43723;396.31503
207.6073265;2331.6594;2094.7854;2175.8352;2131.971;2128.679;1562.6149;1959.1248;2236.515;2054.0396;3510.6902;3226.9714;3554.5793;3398.79;3290.2478;3149.7542;3517.604;3145.4001;3277.8792;3176.4531;3056.3484;3109.2302;3189.9937;3105.0208;3158.4485;3205.6929;3203.5105;541.8834;369.7167;542.74774;665.46735;383.55865;736.3661;591.2317;574.0719;536.901;583.88617;482.53345;547.5751;534.0677;507.7661;526.5337;503.5902;353.78055;568.80676;387.30972;433.2572;587.71497;439.08618;565.0938;586.9074
208.1306898;0;0;0;0;0;0;0;0;0;0;0;0;0;0;0;0;0;0;0;0;0;0;0;0;0;0;14.71438;11.538889;21.324574;54.187546;156.87987;9.056872;623.02094;19.147535;48.79735;24.975985;73.04892;130.86613;70.63793;19.519516;7.8582444;43.75275;101.22614;826.6985;878.8375;87.91512;17.40784;60.07664;58.125538;158.30116
208.1307153;12.202257;16.117819;44.52555;49.57691;47.952232;35.34204;68.58293;77.152756;44.41867;53.02034;52.437096;34.56711;70.556015;51.160156;63.967342;57.550495;78.79314;64.80478;49.024372;67.34047;49.033752;49.834404;42.454605;59.087086;49.330276;53.208122;324.20325;347.77087;340.31308;333.93024;390.25906;402.38675;316.39676;445.68008;506.02945;445.6678;403.37494;444.20975;481.69296;452.10498;385.00198;406.73578;403.86685;371.91412;390.46497;496.85635;416.40466;404.96024;473.75082;382.81082
210.1101747;49.197815;89.44936;118.22226;141.6297;69.23744;119.12707;100.642685;109.65374;128.28635;22.456532;0;0;0;0;0;0;0;0;0;0;30.990509;7.685301;0;46.08211;8.271989;15.662651;200.78381;298.3855;306.62103;261.89337;233.04301;221.53929;379.68854;288.27597;292.06528;263.41312;287.55902;301.56363;205.56133;206.4122;174.13742;364.03387;293.1564;370.41504;335.3147;113.59608;240.08781;251.78691;185.50874;307.45013
212.1644353;1.8598565;14.367754;35.067463;31.07985;21.451914;6.362013;0;18.903435;19.756458;146.97888;87.01921;22.13566;67.172165;70.02398;84.85374;98.153854;81.46751;50.468918;60.078724;57.07286;38.61359;92.51135;34.69061;79.126495;83.334145;47.742672;368.06946;360.5233;454.5191;549.0666;452.04224;461.47055;512.973;333.22705;462.12466;464.6199;587.54114;464.791;431.8563;413.7382;315.6504;416.54752;507.4673;694.0977;653.08246;422.46344;465.0964;479.6956;311.52808;533.1881
214.1797225;0;0;0;0;0;0;0;0;0;0;0;0;0;0;0;0;0;0;0;0;0;0;0;0;0;0;845.4095;0;35.42112;0;0;7.1208963;0;0;0;0;0;0;0;0;0;21.60865;7.669996;0;0;0;0;0;27.837086;0
214.1798304;0;0;0;0;0;0;0;0;0;0;0;0;0;0;0;0;0;0;0;0;0;0;0;0;0;0;5.9651318;25.035515;88.684105;73.97841;478.7231;56.645653;684.01886;87.74048;62.11195;7.0309896;370.15677;54.18701;78.90556;22.228683;8.374056;13.272457;70.51348;1076.2085;1021.7632;110.96116;41.671104;65.186615;69.539604;42.51305
214.1799158;0;0;39.245598;11.713085;23.000195;7.2160487;15.685917;2.0890071;1.9354182;603.4191;20.751041;263.5218;317.54184;232.74857;423.63004;7.8116345;52.40272;339.35727;75.86475;77.63689;29.488035;35.93319;30.186235;87.86644;50.424667;43.222034;542.9122;585.107;683.3373;709.6425;714.5555;800.1817;774.15436;773.3641;676.1349;660.7332;711.23315;759.0524;652.5553;631.1889;716.11865;726.19324;890.6955;738.9556;797.90326;692.92944;704.872;862.8307;683.66595;854.69617
214.1800247;185.60571;190.23024;305.08084;240.82285;224.80261;190.84251;142.73236;184.05841;186.14766;197.36023;362.1085;267.73752;326.66;327.06424;166.85812;445.39636;394.0085;349.03766;309.28314;329.06058;287.69037;377.56766;241.579;447.19125;380.90097;286.05865;821.0428;986.5183;1098.758;2014.1826;947.6439;1815.4923;2215.0486;1670.856;1216.7427;1850.6057;2112.2078;963.44165;1015.9977;1305.5613;830.05176;1080.8917;1926.7682;2519.4336;2354.0962;1048.8119;1036.8998;1255.1855;644.6686;1396.9076
216.1958043;61.24885;32.20848;59.23606;79.82757;29.744705;88.445625;53.159683;46.818237;32.540707;59.503357;44.436657;1.8741001;45.40928;100.495476;0;53.951538;5.85131;0;95.23196;64.50921;109.01394;21.080313;18.355488;6.3049064;108.21692;104.465416;1625.3789;1404.504;1493.7434;1894.3584;21.868492;56.41932;0;217.1993;54.241455;109.2169;25.2271;0;1602.6423;1953.6835;790.67084;1568.3885;30.577147;56.670242;27.934055;212.93124;0;147.42538;145.5669;156.04509
216.9227804;97.920715;83.11618;99.75923;115.95784;89.99966;79.35109;72.77958;80.96152;80.674934;155.51224;97.14091;115.01701;91.365845;96.497955;121.08209;101.332954;106.26013;78.26773;144.73543;98.030136;89.54637;115.30783;85.002106;119.151115;105.93357;97.591705;0;50.99433;0;0;0;0;0;0;0;0;0;134.35489;0;0;0;0;12.446489;0;0;0;382.8667;0;8.322348;0
220.146276;1047.3203;738.40564;818.4054;867.6326;730.64087;747.7234;563.06665;534.74945;443.10303;1335.4849;480.9232;583.36774;479.74966;507.89563;469.9958;446.2017;481.38275;543.6743;655.3365;572.2109;677.2201;478.3759;478.4714;497.46823;608.8288;533.3014;786.0606;2084.6172;691.15625;1779.6665;0;0;0;1.8747418;5.9151597;0;0;244.63722;403.62735;353.77487;2553.233;475.45938;6.419697;0;0;0;3.070209;0;8.788873;0
222.1433042;140.73366;145.54362;70.254524;221.70964;190.72075;166.7485;125.04905;79.96667;100.46071;360.96207;116.74713;152.75496;118.2692;112.448074;112.47272;98.22484;114.16783;70.06846;170.2632;164.46027;88.206894;74.62773;129.79805;125.11316;151.06729;139.34981;258.24875;712.9197;177.28078;552.1484;0;0;0;0;0;0;0;34.40699;105.848305;51.816242;857.0464;141.80043;0;0;0;0;2.1233532;0;0;0
222.1463855;13.621651;31.886562;67.01824;74.162994;85.72367;54.159763;16.982866;54.32055;23.828018;81.85281;28.970005;36.301517;62.87883;60.078186;55.18995;50.445026;79.28289;89.418106;44.682976;45.750805;65.1066;79.19595;42.20185;53.44195;129.39214;51.515938;308.51587;385.9125;484.0077;476.74664;514.2672;469.26224;535.91;414.38617;513.7802;466.0233;565.7235;579.23724;503.32043;455.35992;440.30634;500.1937;541.51465;602.49335;616.9015;550.5559;583.99927;540.8374;457.602;473.64783
222.146398;80.83687;112.95578;153.29424;149.02245;198.56403;96.64415;51.039757;79.97013;152.3345;80.31233;42.87349;41.815784;80.666176;74.07039;61.011814;89.97763;56.027813;75.342285;53.34316;30.561436;36.60025;89.86372;83.16561;117.54012;57.620197;31.463339;525.55383;932.05414;765.84875;610.0008;947.56604;1166.4304;1076.1185;1079.9767;625.3334;1214.584;1202.6678;1229.7528;976.106;895.7954;1202.2727;1448.125;1444.7457;1215.8536;1547.6515;1125.3768;1199.6442;1252.0559;957.7122;1643.5382
222.146488;0;0;1.949516;0;0;0;0;2.2753708;2.176621;0;0;0;0;0;0;0;0;0;0;0;0;0;0;0;0;0;30.47184;74.28429;63.059452;45.45626;625.7062;195.79448;927.1217;157.23729;97.6301;32.070347;564.45844;132.68501;27.940723;75.46566;18.164171;37.48497;44.85945;1245.1548;1273.33;155.61205;42.546257;88.48445;170.18022;41.60391
225.9876903;0;0;0;0;0;0;0;0;0;0;0;0;0;0;0;0;0;0;0;0;0;0;0;0;0;0;0;238.3165;0;0;0;0;0;0;0;0;0;2146.8765;0;0;0;0;0;0;0;0;785.9442;0;0;0
226.9516297;397.4335;376.07248;391.8108;440.1209;367.11755;346.33835;307.069;267.94696;295.3678;688.10016;526.94257;536.4981;471.53995;561.5774;684.5599;659.0985;580.4324;488.3626;570.65533;593.68646;591.74054;596.6299;499.59177;624.322;651.2374;580.3037;13.257652;213.39662;2.1644423;33.10204;0;0;11.4407425;0;0;0;0;48.990063;0;0;0;16.868319;77.29201;17.15159;48.893555;0;612.85657;0;54.62107;19.989319
227.0830982;0;0;0;0;0;0;0;0;0;328.4911;389.49725;199.89473;380.83975;358.69257;180.33789;356.81772;190.70476;406.76358;419.5103;412.3122;455.88763;377.63586;201.01169;212.1606;368.81378;381.73865;0;1.9974921;0;0;0;0;0;0;0;0;0;0;0;0;0;0;0;0;0;0;0;0;0;0
229.1412363;0;0;0;0;0;0;0;0;0;0;0;0;0;0;0;0;0;0;0;0;0;0;0;0;0;0;443.61853;396.30707;153.9781;496.89307;1454.7101;431.7699;335.68317;3476.4424;961.74915;2545.8496;406.7551;992.22034;2079.413;624.3756;521.724;96.27341;5461.222;306.01453;628.3534;368.1676;232.898;1665.0879;669.2224;1492.1484
230.1749536;58.60579;69.08069;105.32001;90.97641;76.527916;51.21499;49.518143;38.423294;40.055122;203.63977;122.63637;83.95229;92.62299;118.52803;130.52362;148.21486;116.94061;111.35392;101.40477;101.99635;89.636215;128.01073;45.08299;151.64706;120.777695;89.20023;361.74893;407.87427;397.28986;528.0889;498.83444;419.45724;501.76245;368.18588;387.02783;444.26135;448.1188;467.61255;354.65454;366.07227;292.74728;403.47333;441.5221;562.69116;638.26544;454.41577;348.06863;431.85385;288.98666;443.71097
230.1749637;1.7263415;13.748554;4.0392656;4.7708054;2.3496604;3.9611444;1.7214009;3.8158581;1.9849036;13.1622715;0;0;0;0;0;0;1.9033705;0;0;2.8975186;1.7571185;0;0;6.153839;0;2.0996618;222.07344;267.92853;265.41153;263.9667;243.6274;257.53842;330.3901;230.00462;298.76367;226.54681;286.19775;263.59528;213.76645;211.22406;228.52858;244.95224;307.0769;358.97614;333.271;216.46742;268.14526;263.1784;141.22148;266.28632
230.2483497;152.21388;175.50351;168.29604;160.70782;169.05133;169.67516;168.67511;179.12813;161.52107;0;0;0;0;0;0;0;0;0;0;0;0;0;0;0;0;0;0;0;0;0;0;0;0;0;19.743439;0;0;0;0;0;0;0;0;0;0;0;0;0;0;0
234.146177;0;7.8259106;18.627903;5.6630077;20.952257;33.75129;1.8279351;1.7297598;26.737514;9.358438;0;0;0;0;0;1.8160228;0;0;0;0;0;14.362852;0;0;0;0;189.58803;267.11243;279.1642;259.83932;269.53903;415.8274;303.2503;244.0108;242.36942;379.6338;625.94904;374.19537;319.92386;208.4399;366.06677;453.16077;315.14752;386.86224;725.8446;209.24702;425.9568;286.13968;308.03464;438.6624
236.1409528;0;0;0;0;0;0;0;0;0;644.3994;263.23273;299.7505;243.68199;296.5836;304.5811;253.54573;288.1319;294.72598;359.37772;331.65356;429.013;376.7457;202.6291;306.34055;395.04312;372.23895;0;0;0;0;0;0;0;0;0;0;0;0;0;0;0;0;0;0;0;0;0;0;0;0
236.1412597;347.34848;266.63022;282.13513;303.75668;237.92004;251.05846;8.756018;35.320873;111.54496;0;0;0;0;0;0;0;0;0;0;0;0;0;0;0;0;0;442.33017;917.2154;307.70465;946.85657;0;20.050735;0;179.63875;12.253651;32.153797;25.975792;228.71597;379.27448;387.40454;988.5356;272.2971;60.458553;0;0;22.73536;153.33986;79.18571;143.53233;219.72612
236.1619232;17.530071;6.2661123;8.529015;32.978104;16.335682;9.2098055;4.1195173;26.506613;19.155058;3.7674718;1.8925581;0;0;0;1.7678151;0;0;0;0;0;0;1.9680035;0;8.1310835;5.7205124;1.7009413;13.532774;402.30978;635.8761;658.93134;1179.6865;735.23584;1747.3752;590.6146;535.7552;87.790146;1030.0785;696.3506;605.2926;105.401;44.748158;603.44354;764.8155;2217.1074;2146.6367;803.40424;790.50525;528.65985;548.9515;761.2369
236.1619814;90.157814;137.73138;207.73024;200.65085;212.78441;216.66678;224.33577;197.53625;188.70474;146.87308;77.753784;141.7177;117.79902;155.2716;141.56113;176.59503;136.70222;151.63565;123.53868;131.87344;143.24448;169.24057;126.768425;162.64262;155.46965;120.790245;1078.6904;1278.2701;1277.9764;1323.3549;1477.0231;1597.2705;1409.6948;1492.8206;1670.4454;1762.388;1699.7186;1730.9009;1573.7643;1569.1759;1498.7661;1489.5244;1664.9379;1717.1062;1722.2643;1815.1069;1742.6497;1607.7745;1590.7272;1548.2926
243.0877885;0;63.79263;63.556164;55.784554;50.75379;51.283745;59.226265;36.92009;29.50175;0;0;0;0;0;0;0;0;0;0;0;0;0;0;0;0;0;175.00114;294.56702;41.87485;187.85744;359.68167;77.1324;424.8965;339.2063;288.11475;308.9851;275.75858;422.10876;354.52554;263.32617;116.42828;265.04626;314.02246;296.8678;378.068;296.3069;81.31088;305.33945;288.87073;323.34354
249.1846253;0;0;0;0;36.121128;0;0;0;0;0;0;0;0;0;0;0;0;0;0;0;0;0;0;0;0;0;3.9844775;38.60521;0;0;0;0;173.90733;0;0;0;0;299.6898;0;0;0;0;0;0;0;0;0;0;0;0
250.1776204;51.273487;72.8548;118.04581;50.26219;78.1431;104.08596;98.27356;93.99513;101.37722;36.739044;4.764159;40.218834;33.012577;31.031733;24.850933;57.610176;23.755474;34.216568;19.915066;49.72429;23.452314;58.73381;35.60003;52.536026;56.612644;23.645374;167.8662;269.9213;335.12766;280.93723;498.459;375.7352;532.4044;509.59116;483.44144;531.3676;592.5188;533.95447;373.31345;428.3687;573.2553;600.03973;609.8489;573.02094;491.76004;511.41205;581.06335;582.89233;394.12332;710.79114
254.2476893;26.954746;82.3134;263.29675;132.90048;377.78223;116.66676;78.28661;51.069233;99.6992;595.80493;72.7305;101.776924;95.65109;232.23373;107.71225;764.2519;44.879135;156.27449;106.79051;227.61299;136.44456;616.9958;65.418495;610.7393;266.57758;110.30058;1233.8063;1966.8824;1378.412;1444.605;1709.7563;2254.9092;1732.2706;2225.8342;1343.429;2311.7917;2482.1663;2140.068;1584.5575;1319.0062;1841.9187;2764.8167;2628.4407;2137.3633;3082.873;1620.2493;2012.9001;2407.316;1341.7833;3577.5417
255.1590526;134.25717;78.92817;119.52429;134.74585;113.30846;124.842354;124.28062;66.404724;63.520683;315.661;121.399;70.892204;107.2599;168.38959;167.29451;142.70294;157.94194;157.12302;222.36221;179.9554;192.03845;210.48463;71.37573;142.08154;211.03156;158.80783;250.28401;484.3215;135.04515;520.6814;4.8421593;31.519184;5.5673676;6.213356;22.148043;7.5500135;29.597527;10.477345;193.12987;249.14032;542.92065;250.91847;10.747475;9.683722;29.020754;6.831356;44.708965;39.757057;43.06456;32.52731
257.1857486;356.18494;216.96771;244.2268;245.56007;311.0707;132.12314;244.83202;291.10403;268.1752;787.1633;0;0;0;0;0;0;0;0;0;0;0;0;0;0;0;0;0;0;0;0;0;0;0;0;0;0;0;0;0;15.309064;0;0;0;0;0;0;0;0;0;1.6964927
263.2365951;51.817745;56.17454;434.6358;29.659231;412.7125;49.975063;69.329;72.38687;102.90396;665.2127;58.602398;203.03645;317.65643;228.48401;118.93845;855.2001;240.62747;189.71703;128.89163;395.06525;239.49533;613.4616;244.62589;581.08636;628.6198;82.68312;187.10367;223.67516;287.21866;395.83798;449.11743;316.4877;390.2655;624.14386;129.3674;507.22064;641.1752;332.51147;155.77863;204.74088;525.1008;887.50885;315.56232;477.80307;903.5294;402.54544;500.06863;606.01495;307.15906;1112.3064
265.0155474;0;0;0;0;0;0;0;0;0;0;0;0;0;0;0;0;0;0;0;0;0;0;0;0;0;0;0;308.5369;0;0;0;0;0;0;0;0;0;2206.8975;0;0;0;0;0;0;0;0;920.0892;0;0;0
265.2523902;238.38219;107.30392;732.89685;164.13089;808.6866;177.53038;155.8213;123.37166;207.39476;1312.4915;400.27313;719.80115;773.2092;1040.1692;770.79224;1460.8673;713.4114;779.95667;791.28656;1076.2213;715.90753;1200.5543;803.4704;1182.1221;1073.7976;487.2491;116.221886;156.50754;110.15054;177.8604;159.74193;164.52444;172.2014;205.24323;59.845932;220.9468;282.47308;182.54457;123.87172;137.25655;167.40846;250.45319;402.89398;176.51631;236.42542;87.93525;168.54793;230.74356;120.58825;298.26184
267.0140258;0;0;0;0;0;0;0;0;0;0;0;0;0;0;0;0;0;0;0;0;0;0;0;0;0;0;0;89.99939;0;0;0;0;0;0;0;0;0;678.4199;0;0;0;0;0;0;0;0;280.69714;0;0;0
272.1856868;148.93625;80.886925;105.42597;142.53635;119.06368;105.19555;159.06021;108.4702;90.96358;60.174416;0;0;0;0;0;0;0;3.1727576;0;15.305327;56.51755;9.50722;23.27608;39.138428;45.016056;46.022614;217.71739;265.88293;174.66806;264.93454;0;0;0;0;0;1.8884927;0;0;210.40123;168.56075;264.11777;191.98083;0;0;0;0;0;0;0;0
276.1933126;151.07938;201.09601;589.73694;185.3321;256.45776;214.06343;207.87125;170.48787;231.58115;81.036964;40.314377;83.47984;70.54527;115.015366;58.025913;162.0493;67.250916;30.033543;77.20918;127.17069;59.72609;127.91957;52.460102;119.4447;108.63754;47.249683;1312.4332;1759.2388;1555.139;1736.0446;1914.3966;2203.0784;2046.2927;2217.4626;1740.4202;2337.186;2500.4119;2260.9604;2038.226;1878.9781;2204.893;2574.192;2457.786;2506.9358;2549.0981;1953.9176;2385.8247;2574.5398;1804.6332;2937.1743
277.1411354;138.15625;108.4832;70.82365;110.06407;104.368095;73.14114;113.05643;78.1471;72.86563;0;0;0;0;0;0;0;0;0;0;0;0;0;0;0;0;0;49.208496;240.47874;80.41705;233.42259;1.9457469;3.584816;0;2.4228058;2.0588155;4.1044464;1.8033707;7.2605653;99.49408;125.97779;253.43555;34.295586;6.1181526;2.4685001;2.3664162;0;21.916698;22.770245;22.434258;11.721067
280.2633773;1.6941959;45.579975;34.436165;35.611706;9.516092;32.219574;20.389507;2.5118618;2.1044147;100.042595;41.77401;12.113424;9.212458;30.599922;40.92361;45.054028;28.460968;39.403988;33.90858;24.557611;29.08982;46.538113;2.540184;47.257786;48.366383;7.7357583;2557.628;108.46494;640.5796;15.233264;70.70582;296.834;90.04209;135.09557;114.961845;202.06635;106.19104;141.21954;27.250854;27.515953;17.840488;304.76886;463.35004;129.92976;48.089798;72.191246;146.95479;117.94222;222.47148;314.02603
280.2637632;2582.6052;3110.0898;8412.751;4027.904;10110.986;4133.34;4248.9805;2729.1177;3830.2927;8836.121;2819.5278;4325.026;4777.576;7062.798;4580.213;10959.918;4355.8984;5023.373;4762.0483;7607.533;4826.3745;9038.954;4469.142;8160.3403;7879.1533;3409.7463;17339.113;25343.418;19721.256;21268.266;26274.676;34173.85;25163.416;33835.195;16650.629;32890.207;36462.65;31007.752;23192.629;18730.334;27690.406;44313.805;40349.41;32746.299;47819.203;22103.768;30682.71;34561.33;17882.062;57738.188
282.3620523;0;0;0;0;0;0;0;0;0;3928.9834;0;1482.7097;1237.7479;2842.6736;2107.7644;5438.715;1701.1295;2032.6921;1676.6986;3514.1135;1961.3156;3911.575;2144.534;4078.372;3210.8855;295.47696;0;0;0;0;0;0;0;1612.4209;0;1520.3899;1655.5002;0;0;0;1417.8605;3254.4087;3118.1587;0;1824.2102;0;1453.9429;1522.5875;0;3754.7246
290.2090527;42.947056;56.164223;101.350334;59.6705;73.758095;73.558395;31.805834;51.707302;80.33113;2.718934;0;0;0;1.7785673;0;8.650093;0;0;0;10.0428505;10.578057;7.1713405;9.9989195;15.862221;5.1449404;0;209.7731;315.5342;304.03616;284.84048;406.1879;429.2267;318.05896;376.01962;249.23856;394.56497;440.29752;359.64087;282.69293;364.58435;341.51834;439.66678;375.77338;370.33655;856.21375;305.7907;352.79236;451.86707;342.1171;471.02734
293.1001913;0;0;27.79161;0;6.0846434;407.99316;0;0;0;0;0;0;0;0;0;0;0;0;0;0;0;0;0;0;0;0;0;0;0;1.7857503;0;0;0;0;0;0;0;0;0;0;0;0;0;0;0;0;0;0;0;0
296.2583641;11.539296;50.261955;47.939293;36.023018;4.2246656;17.33363;78.52976;65.64147;36.444546;44.8448;11.134107;5.5991917;8.519007;12.581736;15.730318;48.44333;2.2916672;28.169418;19.787512;15.961413;5.350767;25.475882;12.668658;58.607777;16.894043;3.4683576;2783.051;49.497665;286.45206;128.63129;81.3775;129.54971;133.51933;194.40752;253.93265;242.54349;380.29788;174.82112;352.62073;18.837402;70.816345;250.34119;1145.5138;256.51062;98.05681;310.65714;199.39796;195.02806;934.89246;150.94255
297.1333454;20.047382;51.7585;29.199991;50.25029;35.083572;25.207798;28.27639;22.902401;51.838646;0;0;0;0;0;0;0;0;0;0;0;0;0;0;0;0;0;292.3215;439.19498;274.37207;311.74054;160.51215;121.858536;133.6633;131.33478;81.594734;131.86765;127.46189;230.1075;299.63907;173.80313;397.52832;310.39984;127.23647;162.22363;124.00643;97.856415;131.60442;194.9273;136.57117;157.96811
300.2169838;642.2216;558.29254;585.4279;584.91956;510.0467;618.529;612.12146;502.3889;476.1785;889.4337;459.20505;501.86365;460.91226;528.16504;501.09113;492.59723;358.78934;418.86237;601.87146;545.3059;575.1768;690.54913;457.4124;461.5389;682.5657;582.26886;1914.7172;2348.3337;1635.9346;2359.6602;2.1821003;0;2.8632002;8.369292;6.9220824;29.632326;0;20.371296;1606.1888;1463.5565;3218.3794;1751.1921;2.6060884;35.34626;1.8896184;32.578438;0;17.158691;6.190448;4.5377517
301.2528274;61.015327;199.12064;295.97302;225.42908;503.75168;212.26814;39.800983;103.16514;155.42697;584.73566;47.25675;183.67781;319.59787;381.95648;344.89114;685.5464;337.06763;381.15106;340.20908;556.4058;334.73093;557.92505;329.78033;635.8652;566.02625;182.40082;23.73949;43.02289;42.628048;19.850662;72.87468;112.31086;0;128.1002;21.635143;153.28052;47.631577;26.050716;87.04921;48.542828;28.554115;91.42665;131.39648;62.34593;21.753628;21.373463;32.466976;58.510002;51.180855;106.75726
304.2609756;7.8111267;9.808541;55.548325;43.40018;181.60356;5.4270797;17.65764;32.448353;34.08338;16.744251;0;0;0;0;0;0;0;0;0;0;0;14.611385;0;17.844685;0;0;491.0917;972.9299;867.92914;962.7425;1081.1686;1277.6888;1042.3003;1356.4825;493.11826;1239.7894;1357.4216;1270.2041;1094.9869;1027.4355;1155.3538;1510.595;1431.74;1156.8236;1515.706;1016.2037;1373.2676;1458.8678;960.123;1739.7676
305.1567223;88.84144;132.39203;0;438.20126;0;0;0;0;0;12.5468025;0;0;0;0;0;0;0;0;0;0;0;0;0;0;0;0;2.2683966;0;0;0;2.360936;21.266687;0;0;6.0926795;0;5.8076067;4.0261374;1.7414002;13.874293;0;0;0;6.325906;0;0;59.576694;8.552326;0;9.349422
308.1857734;0;0;0;0;0;0;0;0;0;0;0;0;0;0;0;0;0;0;0;0;0;0;0;0;0;0;0;0;0;0;0;16.265318;7.2659197;131.75131;0;0;0;33.34194;0;0;0;0;0;9.364725;247.34052;96.80269;99.05104;0;0;78.78152
310.3106558;2901.3313;3475.9395;7651.1187;4293.8955;9081.589;4150.415;4658.6133;3247.1177;4068.8167;13093.075;4783.2217;6627.284;7268.9404;10276.999;7685.8096;15504.892;7170.716;8109.2886;7762.349;11122.254;7234.861;12318.31;7801.793;12917.355;11013.2705;5269.078;8995.567;13497.004;10720.754;11094.735;12829.725;16648.584;12614.103;16225.188;9837.973;16471.758;17998.312;15624.065;13068.565;9853.901;14223.244;21137.297;19938.219;16158.904;20206.701;12283.609;15803.77;16990.418;9881.948;25677.564
312.3261473;408.69598;452.63437;641.07196;488.22598;687.18555;434.6398;449.13004;434.7384;501.16757;2396.031;1194.9761;1169.9453;1243.4604;1640.4976;1372.713;2271.7842;1563.9723;1487.6254;1425.3302;1695.4731;1263.1855;1779.2587;1238.8083;2099.7832;2021.9757;1063.3928;723.42554;777.7687;811.88605;750.7136;922.29785;1074.7322;948.2594;1109.8618;1020.4268;1247.8862;1173.3385;1137.1193;959.2283;741.7845;902.2753;1385.5897;1261.7622;1047.625;1313.1157;1019.705;1255.9414;1309.771;807.9773;1585.2761
313.089288;196.66731;127.77271;93.2469;107.76994;32.831444;68.13854;78.443344;49.502235;37.38491;0;0;0;0;0;0;0;0;0;0;0;0;0;0;0;0;0;212.03604;310.38235;81.393234;353.5449;16.425192;45.43552;2.2607243;53.377544;7.382508;97.78422;33.772976;171.92085;88.33716;104.48938;365.01382;107.69763;57.611664;54.429813;4.002487;82.55513;163.66605;171.31291;152.98608;127.546165
315.1929384;0;0;0;417.84235;0;0;0;262.33514;28.269604;0;0;0;0;0;0;0;0;0;0;0;0;0;0;0;0;0;67.50507;4.601433;150.11877;135.58716;1.8312595;5.766841;1.7622952;265.54736;0;1.8607612;1.8964032;6.3511376;1.7707293;179.80319;13.985142;21.720352;259.36536;297.1929;423.79565;180.151;8.118433;183.9679;100.85481;162.31053
316.2118852;1718.192;1213.1823;1303.885;1519.436;1393.2904;1385.5867;1630.8301;1328.8202;1189.6816;2413.5115;1069.2833;1311.6776;1184.405;1050.1064;820.02527;1048.3418;1017.36847;1180.0153;1356.5073;1402.847;1576.9109;735.62805;1145.3243;1168.7434;1226.016;1235.5613;3591.0574;3766.2078;3223.9734;3952.855;28.682377;0;13.092977;78.575516;48.233047;27.029728;1.9489505;151.98378;3115.1177;2865.6333;4596.761;2881.4775;52.62701;84.51165;9.558305;45.188004;5.759965;32.40574;53.565327;75.05441
316.2244404;132.74425;175.88443;179.19768;174.34685;195.6699;147.26495;181.7799;158.8915;165.3047;12.631337;0;0;0;14.1855;5.9529653;14.003331;0;0;0;3.648676;12.459266;5.6638703;10.633644;37.390194;9.673895;1.7192864;218.90355;258.60788;166.51163;235.83473;297.2421;387.30304;268.0396;139.58636;291.629;393.10147;361.52557;275.01028;210.79001;156.2237;260.17877;341.44986;313.50577;272.2888;176.13904;248.10512;350.5985;315.59967;94.47961;261.4672
318.1652764;139.78838;202.16231;0;563.09644;0;0;0;8.253523;0;0;0;0;0;0;0;0;0;0;0;0;0;0;0;0;0;0;0;0;0;0;0;0;0;0;0;0;0;0;0;0;0;0;0;0;0;0;4.077305;0;0;0
318.2400879;426.2535;664.72205;565.1207;598.3559;473.99423;523.20825;778.1909;1700.5504;705.2062;258.56787;162.07379;162.03766;183.43777;260.8627;215.95137;264.12906;83.19862;184.55096;237.41382;148.51997;135.64713;149.13461;148.38177;331.74402;131.96948;107.75044;4910.4043;2737.1316;3309.28;2714.223;1996.874;3675.3865;2735.4854;3004.305;2982.9114;3503.6575;3949.31;2690.432;3356.6555;1378.2723;1938.7385;3604.9126;3877.5242;2872.0376;1892.9314;2947.6362;3066.6165;3444.8882;2917.421;3042.431
320.1620988;191.5898;136.88074;121.79672;197.10315;68.25809;175.83269;188.00417;109.41823;81.40263;248.04218;40.471996;59.49532;42.971607;31.177206;41.222794;33.16608;25.226156;63.48211;101.03337;94.91077;102.2986;67.07103;31.904686;33.68898;68.25873;41.28729;301.11545;697.01154;197.19809;640.9385;0;0;0;0;0;0;0;28.305145;168.05753;184.5377;870.7873;216.21494;0;0;0;0;0;0;0;0
320.2557575;26.742794;39.24179;62.48621;27.835947;35.518227;23.453365;45.104317;30.464243;36.68996;71.602325;93.08288;19.730202;35.749187;33.08405;73.93475;93.98515;25.852385;55.35114;60.343925;70.257126;45.65668;77.044586;45.716896;33.51153;62.08036;19.476744;1324.1135;867.6141;727.48157;666.51434;866.02594;1785.705;1560.0084;1458.6401;1262.7609;710.55945;2028.6353;826.91113;1549.774;510.32428;765.6678;1909.4761;1776.7097;1877.3024;1840.7229;1410.0562;1283.5017;968.7752;705.4754;1823.7723
320.2557915;129.77065;254.85184;198.01117;310.1077;224.13992;174.06822;292.1577;336.68253;260.09683;125.61698;68.10839;46.815502;53.731625;56.073566;72.91183;91.29334;69.668816;47.373924;68.71551;15.259021;46.098618;46.05302;13.653834;41.504776;39.855423;63.77034;1236.1754;407.3124;502.22763;341.00003;392.15668;567.4714;430.6421;491.51144;466.12576;554.64923;619.2544;471.08432;533.6244;49.81772;398.45538;554.8781;616.2835;493.85196;398.73932;477.94815;495.69907;573.26514;435.73148;540.62396
321.1308636;461.06424;92.36592;211.09703;621.60785;352.21722;911.90674;465.0507;493.92932;477.4113;0;0;0;0;0;0;0;0;0;0;0;0;0;0;0;0;0;194.94096;326.07074;299.60638;780.85693;446.23083;0;25.758661;14.867994;58.97609;98.99075;186.31659;87.856865;224.79462;665.58044;505.39316;132.2881;0;2.2636712;32.389114;51.583134;4.9026613;6.410309;95.696465;89.04763
324.1416623;0;0;20.729301;0;0;0;0;0;0;0;0;0;0;0;0;0;0;0;0;0;0;0;0;0;0;0;211.98064;251.25397;103.08798;416.7272;0;54.799683;0;77.24982;0;0;54.52485;169.84772;136.63719;173.24757;447.55197;71.448685;110.29062;0;0;37.23971;93.03715;87.17651;44.671192;65.386314
330.2272121;2.1909542;9.171987;3.8178935;5.719941;11.115969;13.19066;1.8613572;0;1.8932683;3.7071378;0;0;0;0;0;0;0;0;0;0;12.755088;0;0;0;5.5181594;1.7001437;574.9419;379.1646;326.22833;487.48932;41.830875;29.129786;16.734415;90.328575;31.983541;88.38462;43.734863;0;463.26053;445.05243;575.5445;362.85608;74.49931;78.78986;25.510258;16.062443;0;49.015488;40.446106;122.26697
334.1778106;598.8049;399.25055;484.57336;488.69455;444.01773;468.62143;417.11554;324.7158;276.90845;800.39197;261.16855;286.05557;270.99182;222.2129;206.47545;243.59116;229.1391;278.74228;362.0153;374.28177;399.88254;220.44682;222.80086;249.11852;318.9802;322.1693;637.5343;1175.7124;522.0486;1120.5454;56.607323;7.4886236;2.272817;29.73764;6.2826424;48.471912;19.589191;214.62512;379.86838;340.65073;1317.477;350.27954;51.503086;53.649445;28.66595;15.976171;46.56592;46.335495;81.043755;79.01066
334.2354033;0;0;0;0;0;0;0;0;0;0;0;0;0;0;0;0;0;0;0;0;0;0;0;0;0;0;2064.3958;0;68.42952;0;0;11.331003;1.8576989;0;0;0;0;0;0;0;0;26.41272;41.112858;0;0;0;0;0;44.96736;0
336.1567851;1.8222139;9.282527;7.7101164;22.605268;3.6987777;8.602789;9.8768425;2.0943584;2.0709097;0;0;0;0;0;0;0;0;0;0;0;0;0;0;0;0;0;72.14155;221.18726;41.99371;211.71132;1.7166659;0;0;0;0;2.6317825;0;10.600242;65.68974;71.29139;263.97348;109.814354;1.7677011;0;0;0;8.391628;9.716188;4.436882;2.6728003
336.1753062;162.10919;110.96483;132.90175;147.09428;91.68413;112.96197;114.8778;97.89667;70.462685;0;0;0;0;0;0;0;0;0;0;0;0;0;0;0;0;0;169.21439;362.91653;94.53959;358.97165;6.0595255;0;0;3.1700947;0;0;0;89.98535;79.5491;95.815025;425.4044;107.788055;0;2.4923937;0;0;12.695447;0;4.8242016;6.061831
336.2507541;0;6.2865767;95.986176;36.550827;21.770649;161.6519;103.30512;7.822898;70.686646;0;0;0;0;0;0;0;0;0;0;0;0;0;0;0;0;0;16201.3545;2.3836086;2350.6406;6.546359;22.80063;838.20953;150.93059;39.12091;2.2617886;0;2.4012957;1.7901034;75.78237;23.503574;0;848.23615;836.6832;10.876062;47.344646;0;12.733145;14.096899;1711.224;9.564919
349.1828965;168.21674;190.95993;0;609.45715;0;0;0;11.420453;0;0;0;0;0;0;0;0;0;0;0;0;0;0;0;0;0;0;8.755126;0;1.675468;0;0;1.9003544;0;0;0;0;2.0594256;0;0;0;0;0;0;0;0;0;269.60275;1.9329143;0;0
350.1723631;31.93741;2.5081348;23.32715;27.87816;1.7822669;3.8120022;6.203537;0;0;0;0;0;0;0;0;0;0;0;0;0;0;0;0;0;0;0;54.261063;111.48981;15.271935;143.73557;1.9716818;24.939333;0;16.454998;1.7951291;8.160651;13.704934;20.825966;21.920666;34.61623;229.05865;18.948238;30.892641;7.60303;0;4.88886;27.712408;49.16281;6.3264093;9.714085
350.2660073;0;0;0;0;0;0;0;0;0;0;0;0;0;0;0;0;0;0;0;0;0;0;0;0;0;0;247.3295;469.4137;416.67215;461.4205;518.1368;589.39716;485.41513;388.90323;407.88025;610.5222;476.34122;417.0797;361.1163;313.51242;499.99692;704.0599;677.6389;590.7807;756.66174;433.37537;621.5765;659.5728;365.6316;831.3208
352.2244472;0;0;1.9283128;0;0;32.15251;6.7695603;0;0;0;0;0;0;0;0;0;0;0;0;0;0;0;0;0;0;0;1649.6365;0;521.67633;0;0;91.02558;19.784468;1.7126042;0;0;0;0;1.7295709;0;0;48.91588;80.7201;0;1.8908646;0;0;0;483.84717;0
352.2457033;3484.641;3384.969;4889.67;3870.798;4099.7314;3219.5095;2766.483;2897.8228;3386.5974;2074.9915;1617.5896;989.8094;1528.6481;1659.3093;2065.7703;2018.0737;1744.3096;1735.4089;1451.0479;1137.6663;1391.2388;1799.6078;634.2198;1885.6633;1769.1917;1035.8855;13347.925;15101.505;16355.968;18638.434;16361.522;16377.325;20303.893;15238.916;17123.338;16411.05;19739.455;16689.402;14509.356;12798.677;12909.1455;18048.945;18444.684;23726.96;23151.023;16387.904;14685.919;18000.787;10958.142;22095.273
357.2145012;214.16415;153.21983;156.97583;191.64703;110.22004;164.31105;211.03389;157.3603;39.769096;328.0082;84.442055;130.24925;131.007;69.40327;75.4315;95.67593;72.315796;138.2122;141.63408;205.10135;193.3359;13.8628645;72.646935;147.49278;163.68336;149.40288;605.1276;559.59705;531.65314;702.9618;0;0;0;0;0;0;0;0;632.6051;449.92062;649.3503;350.91522;0;0;0;0;0;0;0;0
357.3358704;0;0;0;0;0;0;0;0;0;10.930407;0;0;0;0;0;0;0;0;1.8917617;0;5.2969494;0;0;0;0;0;38.867134;196.26833;34.150146;143.63043;27.521286;14.025335;2.0240936;27.806232;2.692088;44.852036;2.0053515;24.378057;33.71725;49.61039;205.19228;59.317524;15.536899;22.727613;0;8.125644;33.135338;34.804176;2.748001;44.039356
364.2817042;0;0;0;0;0;1.712575;0;0;0;0;0;0;0;0;0;0;0;0;0;0;0;0;0;0;0;0;1796.275;0;40.40349;0;0;8.901444;2.3784971;0;0;0;0;0;0;0;0;10.270272;2.6096582;0;0;0;0;0;36.31967;0
368.2193728;1031.5487;1361.2991;1632.7245;1469.9545;1450.1642;1367.8389;972.9153;1020.4767;1387.4547;79.922806;71.61033;66.2142;53.633396;73.07287;85.42036;60.681057;91.61175;123.308235;85.68012;117.7362;109.210495;113.50867;106.27213;124.12209;81.56298;120.14986;2600.8013;3325.4775;3984.3967;4252.7676;4490.886;4446.4546;5326.546;4436.657;4726.749;4516.2314;4833.9497;4658.105;4417.6216;4238.6333;4059.924;4916.752;5039.743;5501.0586;5789.5615;5013.1553;4394.704;4958.6943;3862.2349;5254.732
368.2466259;35.15088;37.62676;50.491524;49.110306;71.654076;54.127853;61.648956;47.963825;41.813797;283.39508;182.09906;175.368;192.4441;235.51033;194.6267;242.26892;219.43315;187.25383;253.87958;257.00262;237.22343;292.2654;171.69952;249.10207;281.56992;217.78622;0;15.064758;0;0;0;0;0;0;0;0;0;0;0;0;0;0;0;0;0;0;0;0;0;0
377.3021135;54.964127;1.765842;11.41443;14.625896;6.349251;36.459457;84.60375;12.491246;24.294565;47.957306;0;0;0;0;5.390336;0;16.194464;41.457047;5.4011774;6.931923;7.602151;15.091319;0;20.474625;5.35594;0;141.52298;273.10587;78.987495;398.68137;82.663734;29.985102;83.75752;45.375217;15.809299;141.62358;6.72599;113.714325;82.564;86.646706;325.29282;86.78754;105.30176;43.804592;76.63478;15.765928;151.17926;79.34369;92.443886;131.34322
379.3356147;603.93976;106.28051;1.8601869;0;0;0;0;0;0;0;0;0;0;0;0;0;0;0;0;0;0;0;0;0;0;0;0;0;0;0;0;0;0;0;0;0;0;0;0;0;0;0;0;0;0;0;0;0;0;0
380.2767688;155.27573;220.12521;332.64575;273.34045;264.09854;173.62381;174.01016;195.15784;159.56369;184.31808;75.701805;45.04238;119.286514;76.59692;167.26242;173.80931;89.56227;140.64726;126.288284;62.1995;83.48252;67.84436;86.491745;84.88349;150.17917;106.822876;1302.4628;1410.2554;1791.2681;2088.0022;1731.6827;1586.8413;2177.4312;1402.6514;1877.5698;1717.0635;1959.1283;1933.5187;1549.9597;1088.0594;1189.1577;1702.2429;1828.1907;2710.489;2599.6775;1696.3318;1506.0369;1924.6261;1027.7476;2111.8667
381.1300094;0;0;43.332275;0;17.255533;447.85962;0;13.421605;2.0623195;0;0;0;0;0;0;0;0;0;0;0;0;0;0;0;0;0;0;0;0;17.77516;0;0;0;0;0;0;0;0;0;0;0;0;0;0;0;0;0;0;0;0
381.1305044;0;152.3045;770.0377;290.83374;854.1935;1815.99;619.3102;1032.7115;617.8798;0;0;0;0;0;0;0;0;0;0;0;0;0;0;0;0;0;296.89966;705.3685;363.91635;1130.2383;0;1.7313743;6.24617;37.478615;0;0;0;0;1.902459;0;0;0;0;0;0;0;0;0;0;0
382.1472262;59.7029;53.204037;51.66458;75.212135;54.25196;50.264435;65.434395;34.75283;36.823944;0;0;0;0;0;0;0;0;0;0;0;0;0;0;0;0;0;111.57679;275.72186;98.22799;231.35782;13.931548;27.619453;6.7278576;36.104958;6.019165;55.43827;43.76732;77.41062;84.99051;115.15558;268.644;118.14018;32.66257;2.3001838;5.6433916;18.514004;68.63135;111.91246;41.223423;60.82149
387.2437049;0;0;0;0;0;0;0;0;0;522.9574;400.5014;431.14307;378.98254;400.5872;448.33347;465.13153;266.72485;414.55542;417.28046;418.08508;264.06235;450.53113;263.9651;407.64096;378.559;441.4278;0;0;0;0;0;0;0;0;0;0;0;0;0;0;0;0;0;0;0;0;0;0;0;0
392.2532166;0;0;0;0;0;0;0;0;0;439.3179;8.717733;14.011074;3.394134;11.786444;6.392725;22.822323;6.7102666;23.312603;9.651213;0;0;13.660438;1.7014081;0;1.9753855;7.1820374;0;0;0;0;0;0;0;0;0;0;0;0;0;0;0;0;0;0;0;0;0;0;0;0
393.2090315;234.8856;242.19562;0;734.266;0;0;0;20.951206;0;247.42802;0;0;0;0;0;0;0;0;0;0;0;0;7.9070625;0;0;0;0;0;0;0;0;0;0;0;0;0;0;0;0;0;0;0;0;0;0;0;417.8084;0;0;1.8817418
395.2332586;1466.4941;933.38214;974.2073;829.11194;862.5022;511.9096;0;867.023;924.132;2924.1294;2075.223;2341.4492;2081.2175;2096.2463;2048.5537;2586.1025;1935.0986;2049.437;1944.299;2300.572;1918.1829;1985.0203;2158.2034;1934.502;2035.1451;1977.865;0;0;0;362.41077;113.291115;0;0;0;136.48581;0;0;0;0;0;0;0;44.44284;0;0;154.34335;0;0;0;0
396.2506521;95.01528;70.17062;64.836975;85.96239;128.20123;82.80934;56.368553;10.486767;112.43848;3.889067;2.1953669;0;2.1422577;2.1290994;3.9984417;4.0645666;2.0941253;1.825188;7.9350553;0;0;4.1915464;0;3.9364672;1.98243;3.669786;221.99965;262.72586;342.42435;363.80112;359.19177;350.41272;547.6088;208.14276;470.5178;288.13406;446.7109;459.38403;262.02078;253.60393;301.07892;408.49097;298.8446;501.66852;608.42883;428.18555;368.79187;480.72394;254.33972;487.9074
397.1044665;0;0;0;0;0;214.33784;0;0;0;0;0;0;0;0;0;0;0;0;0;0;0;0;0;0;0;0;0;0;0;24.953335;0;0;0;0;0;0;0;0;0;0;0;0;0;0;0;0;0;0;0;0
397.104544;0;67.08844;594.8411;240.67188;650.34216;1413.5288;433.132;809.9085;471.98215;0;0;0;0;0;0;0;0;0;0;0;0;0;0;0;0;0;269.06534;672.84155;352.15402;1045.2717;8.413643;4.857267;2.0123446;88.25347;0;0;0;0;1.8099183;0;0;0;0;0;0;0;0;0;0;0
398.2150176;1.8219558;0;2.2827718;1.9721335;6.227231;0;0;0;0;0;0;0;0;0;0;0;0;0;0;0;0;0;0;0;0;0;131.01723;143.24268;65.186806;159.28821;202.15921;179.68825;194.65858;59.989273;104.138504;138.42477;212.87611;112.463524;39.063076;33.773464;106.77051;61.062096;172.85359;631.04877;742.0063;25.917788;41.364506;170.76176;72.13666;224.59416
408.3078554;5.54478;0;14.179244;1.7082394;0;0;0;0;1.8022653;20.455393;0;0;27.26374;0;29.519888;0;0;107.52407;5.6374454;90.025856;9.306622;13.477081;0;0;19.84589;15.939738;191.02763;306.441;315.88315;448.258;479.2772;287.22232;955.07916;330.07928;425.55524;493.76138;291.18564;346.4225;316.94318;323.1964;357.13583;347.66916;421.58762;562.137;471.63495;229.19466;309.11435;296.01926;220.41681;366.45316
409.1611313;0;0;0;0;0;0;0;0;0;174.40887;0;0;0;0;0;0;0;0;19.905294;10.149686;17.681;0;0;0;17.922237;1.82727;0;0;0;0;0;0;0;0;0;0;0;0;0;0;0;0;0;0;0;0;0;0;0;0
414.1885971;0;0;0;0;0;0;0;0;0;0;0;0;0;0;0;0;0;0;0;0;0;0;0;0;0;0;36.772278;81.22195;103.894844;60.518867;75.96993;80.35838;119.91235;82.154655;21.20372;33.047455;148.35878;80.07194;12.265704;56.621532;61.870453;11.08016;61.440598;239.18599;269.5223;9.225085;23.180914;87.53687;24.746914;117.28232
414.2361012;1630.6736;1013.6568;960.9066;923.485;917.912;530.3225;714.099;931.01025;824.1112;1469.0436;0;0;0;0;0;0;0;0;0;3.117447;1.8216276;0;0;18.13258;0;0;76.78572;23.573982;67.43504;50.50041;9.055824;45.217735;56.74074;77.18583;26.583231;67.032104;59.287167;6.972443;79.42684;42.45552;27.549183;45.405678;2.2692003;8.619137;7.4218464;51.418335;66.01073;71.68539;100.50957;14.761293
415.1571781;0;0;0;47.052387;0;0;0;4.003496;0;0;50.928997;0;8.280636;0;0;30.683548;265.44608;83.33883;0;0;70.87439;0;0;16.983898;0;0;2.1549792;0;4.8660145;1.8402877;175.35463;135.89664;0;63.01404;262.87762;147.40562;399.52258;0;0;605.6996;581.9239;2.2349973;289.92828;333.09433;126.88169;6.2001066;397.1119;651.7199;239.63885;417.24838
415.2114259;617.6122;664.2439;685.87744;533.7284;713.78973;411.55478;785.42847;692.0224;602.2533;1568.4911;1639.2776;833.5931;1520.1888;1405.3171;672.46204;1523.9167;680.4106;1360.004;1681.5845;1960.3042;1803.0176;1659.5123;729.6554;665.6144;1541.3289;1515.289;2101.7761;3136.5447;1958.0166;2297.1372;1414.8823;1051.129;911.09686;1234.4447;1023.34283;1515.231;1164.1079;1392.4733;2258.207;1531.6378;2916.996;2109.431;1076.8711;1016.74036;1074.8215;1254.6106;1449.0586;1192.7222;1109.742;1305.203
416.2275522;373.21423;208.05411;308.56705;358.94904;336.67487;249.49873;374.60452;302.7489;200.0969;497.0942;50.213036;0;8.131698;0;0;0;38.001785;57.23913;16.709679;25.263578;138.31914;108.17842;74.01505;104.05714;117.96864;130.18471;443.81723;652.1396;299.7626;754.15454;0;0;0;0;0;0;0;0;450.3523;422.3828;876.9589;282.9089;0;0;0;0;0;0;0;0
421.2920933;62.48351;6.1672716;23.446198;27.06046;29.067703;38.20689;73.93749;29.2629;28.346899;49.696846;0;0;0;0;0;0;1.7868578;8.13729;1.9947596;0;1.8176208;1.7966566;0;1.7426727;0;0;66.561844;180.55444;45.432392;189.43121;0;0;0;0;0;0;0;2.3977613;44.461445;60.846844;222.89523;32.9923;0;0;0;0;1.8333883;0;19.659231;0
424.4143911;157.05795;146.05815;158.46147;197.4278;85.75683;181.76846;171.68584;45.679333;109.86189;208.603;86.75861;126.023735;113.51488;116.614235;91.28015;91.03748;77.30614;117.679405;148.2107;131.80019;141.33534;126.36583;88.43117;102.893974;141.66446;147.49695;545.8515;635.66675;424.01193;731.7923;102.76116;47.763885;102.593925;124.117485;22.720203;161.05478;64.39372;154.18088;386.15884;428.5548;1015.21173;416.7371;71.47749;136.37195;56.72357;103.34147;165.18991;122.15709;131.44217;115.49018
429.088582;0;0;0;0;0;0;0;0;0;0;0;0;0;0;0;0;0;0;0;0;0;0;0;0;0;0;284.36865;0;0;26.572666;257.53516;465.19357;25.021648;261.78076;100.45302;264.90662;312.32983;120.511604;453.71027;137.50273;0;0;276.42776;119.47931;86.05082;0;24.153242;439.99063;52.965958;391.05206
430.2435953;2065.2764;1428.2107;1412.253;1631.2234;1453.8608;1417.866;1657.6052;1326.4996;1344.4502;2808.161;1075.0577;1022.0087;1102.9553;1094.3911;775.5563;1072.2737;966.2962;998.3552;1537.6638;1390.8407;1450.3445;1108.0364;973.21985;1045.9215;1302.2953;1149.3954;2843.8167;4243.6045;2946.5984;4507.9463;338.4331;278.5373;394.95947;795.38727;383.66803;583.82477;263.4393;1108.9026;2428.4707;2301.3474;4233.1206;2631.1936;506.76407;602.1402;323.16556;540.7462;323.35608;364.45245;875.03406;649.2581
436.3034931;0;0;0;0;0;0;0;0;0;0;0;0;0;0;0;0;0;0;0;0;0;0;0;0;0;0;0;0;5.8999906;17.030304;0;0;0;0;0;0;0;0;0;363.6639;0;0;0;0;0;0;0;0;0;0
437.1932765;359.3774;226.65317;335.0786;323.40753;350.9996;245.70148;357.21738;299.0847;314.1404;0;0;0;0;0;0;0;0;0;0;0;0;0;0;0;0;0;345.88132;499.6324;347.92328;410.4672;223.6416;58.6878;65.205315;152.52838;129.38467;242.5434;190.05936;121.94185;408.37195;241.20999;411.72485;416.5539;58.5943;52.90311;15.433535;170.38208;227.37274;31.925138;266.04306;255.86844
437.1933619;6343.324;6348.2104;6549.327;6112.6543;7195.974;5074.031;7225.512;6688.4644;6230.3286;3510.402;4026.4941;2871.9626;3849.8274;3788.417;2565.6277;4400.806;2654.7695;3680.509;4049.1895;4709.192;4241.1846;4089.5967;2633.3892;2614.9011;4172.645;3967.8682;9060.873;11716.493;8360.887;10111.838;6736.339;5732.2227;5820.309;6283.068;5938.3486;7194.316;6471.5664;6913.4014;9455.472;7368.827;10847.82;9147.038;6071.001;5485.1973;5644.2266;6245.407;6952.9214;6237.3354;6379.938;6710.0996
437.2355986;335.44577;359.48868;0;1036.5001;0;0;5.8236;8.799297;0;340.7831;0;0;0;0;0;0;0;0;0;0;0;0;12.842721;0;0;0;0;0;0;0;0;0;0;0;0;0;0;0;0;0;0;0;0;0;0;0;420.19772;0;0;0
439.3029205;1075.9208;950.41547;781.96216;1033.7556;827.5668;836.23395;861.9791;760.0689;917.70746;864.7077;447.87933;359.81918;423.76468;431.48734;378.68536;428.64774;392.6315;443.83704;745.15515;529.83594;570.96173;569.3441;302.46683;372.47952;591.0122;454.25305;2067.8948;2688.9763;1587.871;2331.2864;604.37805;427.3886;464.0195;514.9854;325.91672;590.05804;384.15207;756.77985;1190.4806;1073.8608;2346.2305;1095.1587;464.6641;589.91455;381.0364;334.2286;578.4043;700.7062;617.62805;563.11566
440.4097232;1590.0505;1164.5664;1426.9045;1564.6808;1218.9122;1367.7506;1533.7689;1114.7234;1150.752;2104.7512;888.7323;1405.5024;1309.3573;1047.9695;874.9508;1033.2695;776.1967;1169.6232;1378.151;1393.9537;1533.1327;1082.2704;988.55835;1138.6252;1258.1326;1497.1261;4072.2493;4188.2695;3449.0989;3968.5674;992.1815;673.05414;543.6424;1249.1765;864.58405;1122.4302;450.07193;1631.9868;2625.2039;2566.0935;5567.981;3137.3623;866.4966;1619.0903;589.2165;675.78394;1131.9454;463.50653;1126.9718;1400.6759
446.1168166;0;0;0;0;0;0;0;0;0;0;0;0;0;0;0;0;0;0;0;0;0;0;0;0;0;0;218.4581;231.55202;0;11.030619;0;0;0;0;0;0;0;0;0;62.556637;0;3.9245663;0;1.877105;0;0;0;0;6.686804;0
447.0988946;0;0;0;0;0;0;0;0;0;0;0;0;0;0;0;0;0;0;0;0;0;0;0;0;0;0;551.72424;51.490646;41.74792;57.488815;384.10873;702.9117;154.52425;575.1585;87.35329;560.6656;758.0512;252.32709;779.7343;224.48248;19.119247;2.196907;514.7784;244.64291;167.21349;0;37.881023;730.5743;109.67579;693.2141
452.2251541;174.53769;112.48328;83.055244;132.11066;112.65556;46.09108;108.42188;100.14596;52.014523;56.65838;0;0;0;0;0;0;0;0;5.587596;19.714558;25.078075;2.0824986;3.7126381;7.2391515;15.053009;14.712516;214.55031;313.16223;202.4308;324.94437;15.497855;0;12.751428;63.10708;0;30.063671;0;71.072495;154.37248;188.06319;264.06964;191.03342;12.288378;43.83737;8.006231;10.907398;6.560182;12.837046;37.90329;41.96157
452.4456515;133.98582;91.46757;123.25432;150.70163;100.49733;143.60602;125.328865;74.86497;88.63399;203.6853;71.95357;94.12484;88.22461;92.029655;72.05009;82.82056;72.96965;90.90602;123.16158;118.52686;126.994965;127.14685;61.303085;62.22042;122.303986;56.88278;559.62714;773.91614;389.81625;685.34326;87.27252;52.89853;84.94997;132.6386;30.698742;166.37595;89.35017;160.91214;380.11993;340.75464;1086.1951;505.16266;75.337746;138.25908;63.171677;76.057526;136.32414;142.72008;131.4416;132.49104
453.1673194;3596.1143;3618.627;3604.365;3212.0103;4004.8708;2925.7373;3845.7603;3529.083;3686.6794;1254.1865;1326.0221;1107.014;1346.5914;1313.8212;1006.38184;1310.6245;1010.0661;1266.431;1296.4747;1376.2655;1350.0978;1268.1589;983.62756;1013.78625;1311.2301;1280.5747;3806.3967;5138.873;4493.4727;4549.4224;3684.0078;3306.2297;3404.5684;3950.2292;3654.919;4010.77;3934.067;3917.824;5056.0107;4404.8105;5106.592;4893.093;3834.1892;3786.5745;3795.8552;3965.698;4145.5513;3908.4797;4076.8428;3897.159
453.1873145;68.91715;158.93507;143.82523;139.15758;192.85114;55.470303;242.29233;186.94418;184.24309;3.465827;22.765965;0;7.5100484;15.497588;0;7.1973987;0;1.9731576;31.685862;20.281933;25.529026;20.146025;0;0;33.306053;15.045167;269.69177;453.73184;197.31834;265.63028;120.706635;40.47369;35.698498;31.132427;76.1573;183.87215;128.8502;52.49722;211.02881;152.66893;263.9397;294.4745;128.24686;36.799267;123.5625;32.760834;74.90105;146.9216;51.86608;140.0718
453.317888;222.01181;200.48232;178.31651;203.92635;193.97688;182.45056;180.72375;117.24885;183.20917;122.1634;32.369083;19.324162;30.982353;36.65;1.7213151;39.193718;19.071976;21.437252;113.039444;55.32912;56.008484;49.044403;6.5934105;9.847969;61.190666;35.221786;129.1725;362.79495;125.15762;329.5184;0;0;0;0;0;0;0;0;137.4156;184.63081;266.22186;133.31181;0;0;0;0;0;0;0;0
460.2114994;628.2438;535.0701;605.9167;485.10242;499.77496;491.42157;586.60986;519.289;559.30884;685.30853;740.7624;610.12695;716.4945;698.6102;659.5084;626.10223;695.6096;700.68384;699.5404;646.15857;647.6965;653.0179;659.4497;653.4761;671.62476;678.73584;289.66162;183.56635;283.3728;333.6426;158.39499;328.90997;287.63562;260.3693;202.7449;211.31201;248.15675;209.57997;303.6265;224.99324;263.43036;209.30705;172.12523;260.6538;207.18878;157.4336;250.66528;258.2766;304.2192;286.71176
463.3270404;0;0;0;0;0;0;0;0;0;909.11597;809.7046;824.1917;801.4835;814.2356;769.32745;824.08777;781.8826;769.0297;779.1974;745.089;724.8014;774.24713;743.8724;685.968;804.2235;759.6248;0;0;0;0;0;0;0;0;0;0;0;0;0;0;0;0;0;0;0;0;0;0;0;0
465.1881414;45.811806;38.360687;72.896095;76.20443;106.102394;29.406713;117.5552;97.53181;92.28341;0;0;0;0;0;0;0;0;0;0;0;0;0;0;0;0;0;236.13597;69.42426;35.62331;57.293716;21.131603;6.3221765;0;17.598408;0;10.684314;8.420614;8.726888;49.503513;34.83213;91.24555;75.17212;2.6817775;9.901317;2.2694159;1.8516557;22.407707;14.62032;22.788994;24.222624
467.1016218;0;0;0;0;0;0;0;0;0;0;0;0;0;0;0;0;0;0;0;0;0;0;0;0;0;0;556.5015;64.91873;45.525772;133.39864;440.1975;1016.08246;132.21591;996.5775;146.4772;518.7685;603.06195;362.8656;856.53955;491.08575;92.73915;70.39696;818.86127;643.0778;138.59903;17.19331;124.21569;1100.6893;52.763107;955.07153
468.4408065;1072.6798;816.5102;1048.4376;1101.2848;920.4055;996.0223;1055.3102;790.6028;790.6688;1332.2683;617.3127;934.3794;885.8671;661.76953;566.46014;630.7494;500.1302;773.9687;916.5331;908.19244;1030.581;642.3166;649.3427;684.78546;804.1842;1013.4618;2833.7048;2656.4365;2508.8154;2825.335;732.67896;367.08496;404.11133;704.5337;510.32623;648.26447;321.0141;1030.0902;1792.2708;1806.8727;3716.3604;1803.8988;446.94116;891.78174;325.19553;549.1686;629.4084;312.3635;673.38324;756.62177
469.1001742;0;0;0;0;0;0;0;0;0;0;0;0;0;0;0;0;0;0;0;0;0;0;0;0;0;0;157.5192;0;0;16.780972;99.18352;262.28555;27.519836;279.42252;12.458376;139.4073;149.59993;62.43551;254.02325;128.99443;0;0;128.28658;158.8239;19.101608;0;19.021872;291.7996;0;231.7133
475.2967056;0;0;0;0;0;0;0;0;0;441.0034;251.93156;231.71834;269.56662;243.74487;231.28699;255.16025;251.30942;238.21907;286.25552;231.07434;245.8143;246.0647;197.11862;233.16025;285.09283;210.79486;293.78058;460.5187;392.3329;477.2365;288.94208;282.03574;201.93994;266.72867;268.67422;356.8537;262.055;285.55923;417.37296;428.37518;529.24036;396.80484;323.00662;246.51672;230.87224;215.98996;317.9657;288.89478;186.58612;257.96027
477.3432648;0;0;0;0;0;0;0;0;0;3017.5032;2603.9495;2565.5576;2595.5964;2591.4053;2533.091;2758.9753;2454.6506;2478.2766;2521.5623;2477.794;2300.6465;2544.5508;2371.623;2460.7212;2493.7043;2533.6035;0;0;0;0;0;0;0;0;0;0;0;0;0;0;0;0;0;0;0;0;0;0;0;0
479.2679906;210.76326;170.06937;156.3847;222.04944;163.16031;188.26477;205.57358;152.51633;176.64832;229.52275;121.18274;95.51886;108.33027;131.16718;90.41678;100.82062;96.81224;151.19125;211.97011;171.95557;186.38586;164.86993;63.06398;110.36289;158.52325;104.43306;571.4065;1066.4955;573.1411;1022.18243;236.17802;128.86598;131.70808;244.64566;89.47054;294.22754;50.166496;390.29004;621.69495;501.7204;1182.8999;561.32794;162.58488;312.9721;88.83641;116.73487;227.75398;177.5532;239.99109;300.49323
481.2614833;425.92072;452.14688;0;1253.8334;0;0;4.230487;77.51738;0;451.5399;0;0;0;0;0;0;0;0;0;0;0;0;0;0;0;0;0;0;0;0;0;0;0;0;0;0;0;0;0;0;0;0;0;0;0;0;331.93948;0;0;0
481.2835133;181.62733;148.5276;149.76535;189.03284;161.54039;189.4732;196.83185;185.256;179.66968;0;0;0;0;0;0;0;0;0;0;0;0;0;0;0;0;0;1969.2974;2003.7001;797.4297;2415.684;54.085037;10.748454;102.87052;599.8691;18.787016;293.163;190.78267;887.5167;477.53165;489.2016;865.2834;411.75003;0;339.53943;56.49144;381.2565;424.03943;378.9961;15.686509;1211.8744
481.3132934;1248.1837;1045.4965;972.83;1123.6761;965.20746;940.1757;930.70905;762.272;904.08655;1070.7452;498.618;391.06973;494.66946;517.56415;371.17142;480.25522;384.74188;478.30823;813.03;639.7219;641.12866;623.10547;302.3089;388.42764;617.49097;504.87732;2062.1265;2650.6533;1170.0441;1811.5201;317.78763;298.018;299.66074;444.27036;223.24794;460.77884;259.04324;541.558;837.0519;982.0281;1681.8693;917.738;319.43317;436.06055;250.80318;258.20728;383.09137;389.88065;400.18704;406.16757
493.2766494;0;33.918056;26.579956;202.76797;30.158863;18.755497;21.616692;199.54837;60.05819;0;0;0;0;0;0;0;0;0;0;0;0;0;0;0;0;0;17.56131;21.757858;118.4824;66.200294;0;0;34.690895;103.51127;0;0;0;19.308786;81.79059;0;0;96.09377;0;91.34498;230.98749;92.75031;0;110.989624;196.17783;19.805838
495.2992449;168.55652;144.84412;138.49959;167.89745;151.72539;167.00932;202.7301;141.01884;154.05707;165.19646;81.19372;45.036667;54.600624;50.62594;53.85379;44.41902;75.13335;96.09094;100.67663;125.603966;141.36655;144.73154;57.32161;99.017235;136.72318;93.662025;396.93317;619.26074;367.7665;628.1263;99.79498;56.271534;96.13616;94.35038;84.31647;123.19141;58.974606;173.66438;218.4646;191.87872;615.1623;265.42493;74.68204;165.38658;50.45588;99.58084;87.7506;87.40508;125.38936;130.57872
511.2236223;0;0;0;0;0;0;0;0;0;240.86948;3.8061213;1.8472499;1.9629937;1.73525;9.359926;15.408978;5.594199;5.5821595;0;1.8019218;1.730601;0;0;1.8975146;5.4625597;1.7804122;0;0;0;0;0;0;0;0;0;0;0;0;0;0;0;0;0;0;0;0;0;0;0;0
511.2942292;130.41197;94.489204;96.37734;95.09301;81.20451;100.00411;89.484215;80.69319;91.543;0;0;0;0;0;0;0;0;0;0;0;0;0;0;0;0;0;211.31448;390.9505;332.18036;370.92426;245.15976;71.766205;92.133705;174.52347;126.16163;192.08089;93.7953;402.17038;200.22292;249.54134;1142.1632;258.80554;162.24228;353.42395;138.39685;57.681393;479.76627;137.71895;238.86656;144.79901
511.5191101;25.986961;40.29124;84.95622;27.529789;98.175;29.854212;44.093086;27.289516;37.512077;149.42517;50.06001;52.607075;64.815254;91.949005;85.52213;149.90318;76.33385;77.47347;87.12637;94.82713;60.390945;116.31595;76.86326;141.51353;118.60142;28.819466;269.91852;240.36337;332.31693;271.91724;409.20673;482.2328;309.0583;427.47217;391.8229;504.45068;363.6026;431.49768;466.06598;271.33344;321.28955;640.26013;592.20526;288.88574;560.6652;392.0425;473.33237;568.48846;272.36182;734.7729
515.2748854;0;0;0;0;0;0;0;0;0;0;0;0;0;0;0;0;0;0;0;0;0;0;0;0;0;0;333.4169;415.06482;320.08676;328.75015;210.79033;147.46017;179.38388;222.62953;174.99083;239.43593;216.21678;242.24062;329.2338;230.19481;337.25134;285.2253;186.98291;157.50398;157.988;233.87317;202.79417;178.95393;180.74425;174.03369
521.117806;0;0;0;0;0;0;0;0;0;0;0;0;0;0;0;0;0;0;0;0;0;0;0;0;0;0;1059.0712;25.933756;14.082622;72.63364;921.2672;1480.2007;169.62617;687.033;317.91296;1193.343;1262.9393;274.14114;1479.4053;287.40384;14.416262;6.0787053;565.0518;273.32996;190.54648;0;93.209305;1454.793;123.31165;1308.0806
521.3151064;385.6907;327.9989;332.9678;407.0384;357.35553;367.68817;428.40945;313.42563;336.8327;0;0;0;0;0;0;0;0;0;0;0;0;0;0;0;0;0;781.7033;1136.7614;752.09485;1157.5079;213.83766;81.67966;19.05946;189.9807;45.709923;204.12953;71.62175;216.53793;444.6677;440.25406;819.0598;551.7655;98.457985;203.1901;58.681114;63.107147;154.1506;135.05731;135.19957;159.71957
523.1164937;0;0;0;0;0;0;0;0;0;0;0;0;0;0;0;0;0;0;0;0;0;0;0;0;0;0;340.75418;0;0;7.800788;305.73007;468.25803;16.89671;198.22446;78.0402;378.3614;417.51007;48.422733;493.27274;73.25338;0;0;105.67917;84.14672;36.073864;0;1.9492455;477.6951;10.138807;418.70447
523.32347;73.36381;68.31464;35.707214;84.420265;56.440086;51.57356;87.96569;20.695023;77.68444;136.95844;23.221922;48.900394;33.419563;57.34766;49.97255;21.0386;43.038727;31.861534;62.430534;56.98035;43.5714;75.6473;20.559666;45.14503;34.13482;20.017128;239.06755;303.03656;144.24866;182.9657;93.770004;42.119434;45.75488;92.67267;29.473892;99.15813;25.682499;132.32367;37.488716;79.25917;164.94275;17.94843;80.44063;94.98299;10.187057;14.162396;115.53576;117.044876;99.77042;110.38545
525.2876719;484.72586;518.73773;0;1435.3156;3.6123242;0;28.640585;87.75542;0;477.68176;0;0;0;0;0;0;0;0;0;0;0;0;0;0;0;0;0;0;0;0;0;0;0;0;0;0;0;0;0;0;0;0;0;0;0;9.729835;253.1728;0;0;0
531.2735756;17.677149;16.14767;45.747185;7.5698214;46.733025;5.7968545;20.565157;10.209392;0;159.35225;255.34196;132.47017;213.54956;305.18158;126.95824;322.44092;228.1857;84.50706;216.21739;353.34668;256.91617;279.02716;99.449104;147.84871;312.6982;286.78134;70.86355;87.27277;81.713806;43.179085;24.979836;0;12.393803;17.492508;0;36.246784;18.582869;34.477448;100.517426;51.859074;77.53194;99.06957;29.07058;34.561012;0;24.765633;41.94824;0;60.68854;33.754353
533.2056408;446.91342;303.39023;342.01596;353.5458;372.8936;177.89351;255.5647;374.24725;326.9614;250.74452;5.180629;0;0;1.9003464;2.2484;13.175876;17.731445;13.4002905;17.272806;3.7875028;2.1122732;5.629718;1.9189477;1.7005436;6.398079;12.179609;20.314966;26.30862;55.96916;19.11277;20.526743;48.244793;39.07633;51.912945;7.6734324;24.853697;21.17904;6.806572;47.834393;7.142256;27.769732;32.066746;27.993334;47.163074;24.869633;2.2902355;55.815067;14.894031;40.934875;26.56541
537.3096466;254.43105;205.986;218.19107;252.36607;233.60893;215.02916;252.2353;180.22691;208.46634;333.80365;152.24164;128.90427;152.58487;190.64398;160.03702;169.63687;94.04533;176.4331;274.2425;223.68307;228.01027;217.00807;101.25583;158.69135;229.29225;152.02406;791.76154;1187.4109;590.2437;1020.7012;185.51439;161.5088;139.19347;146.06755;33.612522;234.38335;113.637314;203.03625;331.38397;341.06604;685.4871;350.7053;98.562836;180.82246;112.38763;97.95967;155.06277;212.39377;106.96914;204.32088
540.4258747;2306.714;1841.6072;1959.1205;2390.4038;2171.0115;2159.7847;2491.2136;1798.0824;1532.6417;4205.665;1483.5591;1886.513;1660.7233;1674.6161;1464.4446;1610.7494;1281.9858;1793.2103;2071.4983;2339.0105;2705.232;1876.4391;1204.4677;1574.1555;2214.0947;2348.3203;5870.557;6482.2896;3962.0627;6768.6514;750.05743;543.5209;516.6545;867.4671;469.018;874.52625;480.36713;1219.7634;3842.464;3177.9546;8979.136;3475.2434;618.36725;904.06537;580.3131;579.4406;840.73737;556.40515;818.7841;1009.8675
543.0999187;0;0;0;0;0;0;0;0;0;0;0;0;0;0;0;0;0;0;0;0;0;0;0;0;0;0;2833.432;115.07853;74.731064;226.7011;3249.1765;4418.962;574.5628;2033.908;1635.0579;4062.4604;4325.096;883.417;4836.299;1088.9795;66.14378;7.757782;2051.2075;917.7639;819.9892;13.582255;699.4786;4982.2373;523.1379;4808.7783
544.1005061;0;0;0;0;0;0;0;0;0;0;0;0;0;0;0;0;0;0;0;0;0;0;0;0;0;0;1073.4712;34.47028;3.4027894;67.00235;1263.7546;2132.0435;99.7076;923.7295;793.33203;1589.9277;2102.3323;255.84036;1707.4923;294.7086;22.42096;10.498425;932.175;450.14676;219.58723;0;152.51479;2419.1162;138.42256;1729.4027
545.0985552;0;0;0;0;0;0;0;0;0;0;0;0;0;0;0;0;0;0;0;0;0;0;0;0;0;0;915.12885;4.079914;2.2069287;20.29541;1041.8352;1393.2267;67.25008;658.3845;503.80115;1344.1124;1382.9716;105.33473;1564.5647;242.97986;6.068248;0;648.19226;89.276955;114.8224;9.4750805;96.100845;1598.8374;94.155235;1603.1082
549.1798356;209.99599;148.34991;166.36362;173.97198;169.23857;80.04556;126.310524;200.35152;157.51567;0;0;0;0;0;0;0;0;0;0;0;0;0;0;0;0;0;0;0;1.68526;19.401192;3.9647694;2.560598;16.898636;2.2855787;0;9.017602;1.7320138;0;2.0813174;0;7.938566;0;0;2.6200466;3.0476713;0;19.596115;8.609421;6.1032357;2.5151634
552.1966976;0;0;0;0;0;0;0;0;0;0;0;0;0;0;0;0;0;0;0;0;0;0;0;0;0;0;255.26532;0;0;0;281.59384;382.51025;12.411204;160.55023;112.87898;298.2766;300.554;69.58208;357.04703;81.50268;0;0;156.1717;78.64657;61.967194;0;22.810284;345.87216;12.994358;355.20108
552.4127966;441.4587;256.11365;229.6926;222.65569;222.6155;108.10643;182.86029;200.47769;194.52512;602.8454;245.48473;266.592;271.81888;287.5839;261.4773;349.59174;223.47583;283.931;232.85863;270.70724;248.3085;278.7671;207.76517;223.22119;270.54697;281.34875;159.15953;109.50439;116.62634;210.16618;50.44574;126.01919;126.59662;157.83017;50.891632;80.5014;89.516685;100.40409;142.50533;108.0766;121.36551;105.05108;21.22017;106.1231;119.68289;100.389786;104.559685;76.66036;64.365875;113.8554
553.2557339;554.8247;522.4337;685.4454;316.22293;744.70416;265.2115;477.15402;405.25165;332.4823;384.1097;685.5049;449.88895;609.39996;812.7445;351.03992;959.8767;698.8012;220.26126;569.3192;997.8894;704.4136;771.22186;434.54965;446.52716;787.3326;814.4411;1119.1453;1844.8663;1357.5056;1379.7131;611.9247;414.09116;427.9193;651.95575;426.53082;675.68616;407.4552;640.5559;1584.55;1111.0581;1570.5713;1628.7031;548.7168;568.0572;383.98544;579.30707;863.0095;481.40564;788.4095;736.17535
557.1515668;0;0;0;0;0;0;0;0;0;0;0;0;0;0;0;0;0;0;0;0;0;0;0;0;0;0;1118.8549;40.00534;65.36317;37.17594;1071.2025;1484.9252;223.15929;741.4088;398.55344;1145.7634;1207.8021;274.9727;1446.2683;336.2917;30.267082;15.38549;707.9867;327.17847;254.61536;3.882274;174.60782;1367.7614;179.89384;1449.0916
559.0737297;0;0;0;0;0;0;0;0;0;0;0;0;0;0;0;0;0;0;0;0;0;0;0;0;0;0;425.28067;0;6.239257;29.386822;796.2154;1026.9058;91.383575;485.4131;406.85355;854.91156;971.3618;184.5172;1091.2185;254.18588;1.7242332;0;506.04388;123.19545;171.70985;0;97.02494;1217.1887;104.80406;1092.1857
559.1505886;0;0;0;0;0;0;0;0;0;0;0;0;0;0;0;0;0;0;0;0;0;0;0;0;0;0;380.3518;0;2.0836892;18.604279;376.64853;531.85657;39.058796;233.05647;145.92224;411.2104;432.42758;84.86162;524.45764;138.83635;0;0;226.51996;129.01741;118.82318;0;63.31846;487.2343;64.69237;500.7117
559.3658549;0;0;0;0;0;0;0;0;0;6.2602563;0;0;0;0;0;0;0;0;0;0;0;0;0;0;0;0;1016.6678;1064.3188;499.58612;1232.8743;0;21.95193;41.977463;377.7508;0;143.25534;85.87448;432.24518;269.59662;204.83934;308.59747;152.2649;0;98.32664;12.088436;101.249374;131.50725;140.93187;0;517.41895
561.0721928;0;0;0;0;0;0;0;0;0;0;0;0;0;0;0;0;0;0;0;0;0;0;0;0;0;0;127.47201;0;0;0;326.02316;340.25995;20.449068;161.17787;140.05492;404.0951;389.41235;49.75546;448.3855;28.331623;0;0;186.69768;47.31555;51.065918;0;27.444317;438.9109;16.050259;420.49988
563.550497;76.16981;234.24901;1303.428;495.80124;1735.9257;427.93823;559.64954;268.87262;252.09987;1302.7772;85.473305;418.48288;493.13193;850.8655;517.93066;1613.5742;462.4447;519.77405;532.2572;976.71985;442.13077;1284.5531;518.3668;1262.1929;919.1765;234.71361;3682.2373;5822.191;4124.972;4486.502;5854.1914;7974.8438;5453.1616;8599.385;3332.779;7780.9736;9162.175;7425.543;5397.1855;4089.0244;6320.486;11672.641;10172.581;7682.567;11468.435;5208.186;7618.952;8734.854;3901.5273;15080.867
567.5817658;187.66156;216.88858;282.83087;219.73724;343.5608;194.73242;217.5958;172.95728;212.28181;543.3259;176.16217;135.95595;189.5603;294.9247;171.24884;490.47336;199.80344;232.87639;301.4861;313.80536;229.8977;410.6108;144.0341;363.9409;395.18417;159.35234;317.7616;371.13098;285.9365;328.24847;206.82596;234.3118;176.6016;276.1656;229.17117;286.3543;270.50995;305.76495;314.961;257.37854;462.01505;417.01596;350.5666;280.93402;301.21777;220.76321;305.2027;336.5845;161.65022;414.12103
568.4569668;1495.9059;1118.3556;1252.6488;1534.3702;1380.6174;1405.6608;1632.5629;1108.7678;936.56903;3143.0564;1081.6631;1383.278;1251.2925;1215.7694;1109.2897;1155.5326;979.0311;1310.2047;1710.9286;1896.0667;2139.1384;1388.9596;887.6518;1178.1327;1694.7402;1886.0468;3854.8428;4496.209;2834.5105;4225.4414;547.424;394.26538;377.13138;594.98865;414.83786;667.31104;296.93576;806.3363;2508.8025;2383.301;5896.279;2551.2324;477.19217;687.07654;365.11356;450.2597;532.9194;356.7165;523.475;640.75366
569.2294456;172.75502;177.5202;239.38168;107.73673;251.25967;92.705574;157.64363;138.55957;116.34527;4.0635505;93.795525;62.94869;81.50843;113.830986;35.14473;140.07858;104.300514;15.015419;76.00044;140.47346;86.82812;102.3988;41.31629;56.97404;108.2293;115.32413;169.86568;298.50943;205.18898;218.67213;110.374985;93.47125;91.26529;138.57825;92.6624;139.39096;106.46539;120.83799;307.65115;141.65012;303.7349;273.6709;128.12517;87.80243;74.97657;132.8164;168.347;112.74041;162.53474;122.74665
569.3139499;429.8049;460.683;0;1196.9409;0;0;1.9607248;66.0653;0;469.14154;0;0;0;0;0;0;0;0;0;0;0;0;0;0;0;0;0;0;0;0;0;0;0;0;0;0;0;0;0;0;0;0;0;0;0;0;104.2464;0;0;0
573.125353;0;0;0;0;0;0;0;0;0;0;0;0;0;0;0;0;0;0;0;0;0;0;0;0;0;0;206.40875;6.9316854;10.3879795;33.7496;326.91235;394.24518;126.5253;306.08524;243.65805;402.19165;418.4107;153.9552;376.23404;249.57013;20.48775;5.4699745;336.12262;249.71953;200.81691;6.644473;175.19284;510.60184;161.40218;414.2764
573.3805863;0;0;0;0;0;0;0;0;0;17.990635;0;1.7415893;0;1.9053247;0;0;0;8.382286;8.73522;21.10952;21.758125;8.490553;0;0;3.316928;2.0334384;152.95341;356.52985;208.35567;286.17078;71.430695;51.379196;30.199345;57.096706;0;73.98638;21.584167;74.86073;97.604645;86.28541;192.59538;58.624607;17.397316;22.600906;0;0;15.151704;27.060125;23.621483;44.520844
580.4443024;274.47556;131.08774;161.94348;138.18756;150.89598;71.3536;112.34869;133.87128;123.168594;0;0;0;0;0;0;0;0;0;0;0;0;0;0;0;0;0;105.86692;58.629955;117.26577;160.70552;24.690521;71.329865;17.041435;115.77731;7.488909;29.91675;50.219524;82.722206;55.64508;48.89283;65.002495;61.278217;10.879932;57.560402;7.5194373;48.796547;35.476025;54.02488;13.267796;38.093536
582.8594707;1486.1034;612.1627;766.19507;540.0474;574.5735;294.9951;0;589.23914;0;4063.3313;2172.6108;2198.0146;2228.244;2262.0264;2106.1775;3109.4758;1947.2527;2209.3271;1923.146;2442.5393;1855.838;2123.0615;2184.2354;2013.211;2185.0647;2210.9263;0;0;0;0;0;0;0;0;35.206238;0;0;0;0;0;0;0;0;86.814476;0;0;0;0;0;0
585.3373796;18.854702;18.201916;10.339343;21.48698;21.296358;19.757559;8.067171;18.557747;14.073871;34.903423;20.767508;10.026077;25.42203;38.308903;4.113063;12.210911;3.8697863;13.167581;48.033512;24.004799;34.172455;59.500317;3.6758697;4.0954914;33.46767;39.018333;157.71631;296.77887;82.7565;287.56024;14.933375;39.495995;48.093517;27.200968;9.852276;89.645325;33.33434;92.61094;48.368755;82.89356;299.5583;126.70439;24.786093;59.12871;21.714394;34.946228;27.431198;74.3012;33.393906;57.91378
592.4596286;0;0;0;0;0;0;0;0;0;0;170.30223;212.61539;102.65422;221.08472;168.45833;216.2096;31.054974;130.85616;235.08247;371.17554;176.59769;190.29181;161.62317;112.458954;11.920908;179.67693;0;0;0;0;0;0;0;0;0;0;0;0;0;0;0;0;0;0;0;0;0;0;0;0
595.1363256;0;0;0;0;0;0;0;0;0;0;0;0;0;0;0;0;0;0;0;0;0;0;0;0;0;0;820.79047;0;0;12.453438;636.0415;1039.514;74.651505;386.2612;283.5325;778.48096;890.7094;115.03009;969.49817;143.37941;0;0;301.11722;135.8386;106.167114;0;114.88397;941.33563;67.454185;938.04016
597.1352814;0;0;0;0;0;0;0;0;0;0;0;0;0;0;0;0;0;0;0;0;0;0;0;0;0;0;352.2182;0;0;0;259.17764;438.06967;0;184.54001;115.210266;335.3483;353.45383;21.14406;423.46567;62.79062;0;0;113.46278;29.938763;0;0;0;440.4244;0;430.65247
601.1777685;0;0;0;0;0;0;0;0;0;0;0;0;0;0;0;0;0;0;0;0;0;0;0;0;0;0;369.64755;0;0;0;176.1724;1036.5953;0;85.03534;111.59358;836.7725;892.056;0;1034.5487;18.085888;0;0;0;14.061756;0;0;30.647245;1121.5321;0;951.9537
611.1929419;711.67847;374.4809;369.14267;1837.6997;313.1372;0;375.29456;1889.4003;1510.7877;309.10696;0;0;0;0;0;0;0;12.111114;0;0;1.9762416;0;0;0;0;0;0;0;0;0;0;0;0;0;0;0;0;0;0;0;0;0;0;0;0;0;0;0;0;0
612.1629344;0;0;0;0;0;0;0;0;0;0;0;0;0;0;0;0;0;0;0;0;0;0;0;0;0;0;1483.8171;54.667217;18.155216;63.05858;1708.9332;2158.334;185.92249;879.99725;805.1793;1902.6119;1923.5917;291.2746;2160.9531;352.9701;13.410278;26.455944;809.33844;341.11017;279.50464;1.7523291;326.7973;2369.4385;196.66577;2145.622
613.340086;258.71924;285.26285;0;754.68024;0;0;0;26.200523;0;295.96783;0;0;0;0;0;0;0;0;0;0;0;0;0;0;0;0;0;0;0;0;0;0;0;0;0;0;0;0;0;0;0;0;0;0;0;0;27.886135;0;0;0
614.1620708;0;0;0;0;0;0;0;0;0;0;0;0;0;0;0;0;0;0;0;0;0;0;0;0;0;0;547.7135;0;3.8916268;23.20427;595.1547;960.11896;14.842077;356.64084;322.9179;693.7726;751.6862;128.52501;837.29407;121.49104;0;0;340.75854;118.86854;93.70285;0;58.074223;867.4446;5.78894;781.3383
620.1172146;0;0;0;0;0;0;0;0;0;0;0;0;0;0;0;0;0;0;0;0;0;0;0;0;0;0;922.4192;68.914566;15.631619;116.70168;1167.6307;1654.7727;174.79353;710.82684;589.78894;1498.3079;1520.1259;287.98367;1599.9789;341.7883;37.300262;27.150118;704.4795;329.40198;225.02777;1.7704234;288.90024;1803.8032;135.63916;1831.5181
621.1158499;0;0;0;0;0;0;0;0;0;0;0;0;0;0;0;0;0;0;0;0;0;0;0;0;0;0;451.42422;0;0;2.0484993;527.25165;669.5154;31.035698;280.5656;279.2482;552.17615;625.1427;120.94614;625.67145;97.39044;0;0;285.9493;89.641846;86.205734;0;127.51026;647.15796;2.897453;583.14124
627.1665911;143.91895;61.97416;67.93817;347.15536;45.921703;0;41.640903;330.46082;301.28302;0;0;0;0;0;0;0;0;0;0;0;0;0;0;0;0;0;0;0;0;0;0;0;0;0;0;0;0;0;0;0;0;0;0;0;0;0;0;0;0;0
632.3564617;0;0;0;0;0;0;0;0;0;128.06264;177.62419;107.89618;178.27061;235.54114;70.608894;252.13339;183.23386;60.945347;215.52602;330.39404;235.52428;225.06654;100.26608;96.1172;249.11005;261.98108;0;0;0;0;0;0;0;0;0;0;0;0;0;0;0;0;0;0;0;0;0;0;0;0
635.090947;0;0;0;0;0;0;0;0;0;0;0;0;0;0;0;0;0;0;0;0;0;0;0;0;0;0;434.22464;19.41484;34.375854;93.22076;830.3477;939.5529;165.30988;608.86066;556.3192;959.8077;974.3084;304.5636;1040.9113;371.61716;63.57823;28.740038;644.4759;373.90976;295.10358;6.55383;253.52666;1168.6144;160.96825;1102.6495
641.2037785;0;0;1.7549047;0;0;0;0;0;0;0;0;0;0;0;0;0;0;0;0;0;0;0;0;0;0;0;13.741886;146.22629;98.73135;10.545152;22.171824;35.829468;0;24.18362;16.557953;2.476149;8.963704;119.819115;38.702427;29.416533;369.8409;19.678034;1.7445443;64.55491;13.311447;3.0128613;13.79583;41.94517;11.665752;0
645.2042601;0;0;0;0;0;0;0;0;0;0;0;0;0;0;0;0;0;0;0;0;0;0;0;0;0;0;521.2471;0;0;0;488.55588;934.9805;0;0;76.05465;532.0006;864.9504;0;999.0537;0;0;0;0;0;0;0;11.094172;1087.4911;0;965.24066
657.3660669;150.2457;157.41168;0;408.58957;0;0;0;0;0;0;0;0;0;0;0;0;0;0;0;0;0;0;0;0;0;0;0;0;0;0;0;0;0;0;0;0;0;0;0;0;0;0;0;0;0;0;0;0;0;0
677.0851213;0;0;0;0;0;0;0;0;0;0;0;0;0;0;0;0;0;0;0;0;0;0;0;0;0;0;281.92383;0;0;0;246.01056;503.825;0;178.64236;134.24876;405.23035;420.17548;23.454182;477.2011;15.911887;0;0;127.852104;0;0;0;0;336.55048;0;474.25443
681.501924;52.85362;80.15513;68.875206;72.26749;83.22211;83.20808;48.07865;52.055847;83.67056;0;0;0;0;0;0;0;0;0;0;0;0;0;0;0;0;0;597.6805;614.5129;1931.563;1856.3322;1977.0022;1691.3853;2503.3057;1584.1698;1871.517;898.67664;2392.6748;1880.1665;717.5132;1320.7153;686.9457;1959.0735;2150.0461;3154.1948;3049.795;1776.1676;1684.7245;2170.6572;591.6634;2704.5723
691.1370929;0;0;0;0;0;0;0;0;0;0;0;0;0;0;0;0;0;0;0;0;0;0;0;0;0;0;211.40613;0;0;0;173.12247;359.922;3.5623398;89.96879;58.937225;243.27116;279.71136;0;342.79303;2.0492473;0;0;9.988368;0;0;0;1.9646528;354.6442;0;379.3106
704.5446625;0;31.740711;1.8011534;0;285.2564;37.125496;0;0;32.0997;0;0;0;0;0;0;0;0;0;145.28613;21.127365;0;0;0;0;57.428555;0;0;0;0;0;0;0;0;0;0;0;0;0;0;0;0;0;0;0;0;0;0;0;0;0
713.4206092;168.9667;115.10024;130.92383;91.57949;130.06348;131.8863;198.40738;133.66823;111.33113;162.74542;45.72286;38.368744;32.538734;26.01732;19.356266;42.906483;54.899338;72.104866;52.63817;97.96937;32.217476;5.929361;52.231117;47.378334;54.62754;43.616882;414.5618;429.77005;356.15637;431.87238;0;0;0;0;0;0;0;0;481.42505;287.51248;458.44205;274.63727;0;0;0;0;0;0;0;0
732.5013146;0;54.584866;73.43515;44.221508;158.47858;43.32884;59.083565;28.317951;83.533264;0;1.7487007;18.806297;2.4042597;15.890326;0;1.9375174;0;0;216.82011;104.348724;48.953697;22.79953;1.8198717;0;107.69061;103.616455;0;62.253677;65.534355;65.26223;0;0;27.019972;0;0;0;0;134.3858;120.61647;0;0;22.606731;0;0;1.9971421;11.3475685;0;0;66.91652;20.707472
751.511542;2708.6309;1302.3934;1501.383;898.70654;948.84485;508.60706;785.4077;1063.1499;1040.1604;10422.439;4161.3174;4231.4736;4114.642;4299.7646;3921.285;6200.6025;3472.4592;4161.407;3651.4185;4333.0586;3428.1804;3901.359;3791.3264;3542.3901;4076.7773;3911.3584;498.64783;317.48306;590.20984;870.02045;196.46436;870.54803;757.0295;759.9108;314.95984;480.01215;450.952;352.88464;463.4828;435.06558;525.2335;427.29196;163.1572;588.12933;494.61768;360.45883;718.5449;558.97314;848.6821;815.62646
765.4538004;0;190.74066;0;11.344706;528.8415;92.76943;0;0;42.562927;0;0;0;0;0;0;0;0;0;35.44442;0;0;0;0;0;3.6361547;0;95.24477;43.7371;0;102.17471;0;0;0;0;0;0;0;102.92899;0;0;0;0;0;0;0;0;0;0;0;0
767.4696961;0;576.19135;26.308332;20.201485;2197.118;334.41986;0;12.984455;437.21808;0;0;0;0;0;0;0;0;0;564.7023;126.33842;42.305763;0;0;0;208.16304;104.77337;156.26369;134.9396;49.33668;120.2072;0;0;34.22616;0;0;0;0;534.30566;0;0;0;0;0;0;0;12.348116;0;0;7.3393874;0
768.5376371;232.35771;162.55318;178.13393;167.52283;162.15158;111.5358;0;161.75247;116.12631;1686.1229;1050.5157;1057.487;1001.2008;991.2443;935.54865;1287.8466;880.47266;918.7803;891.88245;1096.965;836.72864;910.1275;801.41455;835.3441;892.26465;930.06323;539.57855;361.4952;609.6693;648.09424;242.16684;652.5236;620.50934;657.37885;423.123;526.8492;538.5916;447.4819;570.80493;488.17233;508.6749;498.80984;279.7593;598.8228;481.67282;459.65125;666.6008;576.0004;743.3554;686.36523
770.4851152;0;0;0;0;0;0;0;0;0;842.48846;328.88336;508.45578;487.65814;524.45013;498.07928;660.112;439.29022;373.65472;431.56424;487.50433;405.8597;474.8155;428.48993;430.9375;492.8656;518.8651;0;0;0;0;0;0;0;0;0;0;0;0;0;0;0;0;0;0;0;0;0;0;0;0
770.9864627;0;0;0;0;0;0;0;0;0;870.12646;470.69385;465.18222;475.19302;490.59424;469.82462;696.81366;418.81683;494.4395;440.62225;482.4902;400.95187;488.5211;411.11188;421.1217;463.56097;476.83502;0;0;0;0;0;0;0;0;0;0;0;0;0;0;0;0;0;0;0;0;0;0;0;0
773.4941455;31580.334;26083.469;26304.906;25514.072;25552.113;17518.197;22375.531;24875.781;23441.488;24508.854;18345.871;17919.15;18265.21;18170.078;17985.824;20490.521;16965.902;18098.895;17222.68;17336.914;16705.47;17652.746;16484.67;17143.738;17946.445;17762.11;24686.455;15211.5;23271.27;29811.883;12105.889;28462.488;26048.664;25348.676;16368.759;19402.533;19802.8;17243.057;24068.457;20646.492;20159.285;18570.516;9933.495;20455.428;20027.045;16251.466;23762.463;21393.418;26826.332;23765.383
789.4668318;786.1204;535.6737;686.0863;542.11346;530.4264;531.5708;615.8892;540.3139;520.1944;520.5393;365.0077;358.69064;373.81738;350.07428;397.7044;505.24646;363.76642;382.5083;368.863;441.98102;363.04303;350.3711;325.64935;353.4902;348.9837;358.8901;826.54987;668.1726;915.256;1168.2328;593.08435;957.81744;1006.8796;942.2523;747.17175;826.624;715.69745;719.2332;736.8577;713.3087;716.69824;803.6306;528.49243;865.9503;778.9911;758.7716;891.1118;875.8;1025.3453;916.57983
835.4635461;1051.6348;687.68774;709.092;674.3412;645.8542;371.7704;0;656.2538;0;1140.1199;811.98584;812.98987;842.65283;847.9156;804.35266;1084.2366;769.1352;803.4215;796.62695;735.3628;769.40985;802.72504;888.592;787.50146;802.6028;859.87964;0;0;0;0;0;0;0;0;0;0;0;0;0;0;0;0;0;0;0;0;0;0;0;0
851.3972105;931.93604;965.1409;922.8687;853.52856;1097.9674;556.1762;1204.6166;1063.9869;843.9147;503.14346;668.9234;294.1974;527.5184;545.55695;217.84311;657.6159;239.53604;541.5128;666.99963;854.6181;723.1327;733.3932;249.95224;242.01653;625.671;619.47327;2414.7734;3422.9006;1817.6738;2508.7407;1235.6216;961.7754;856.6332;1088.9886;942.54224;1466.1447;1032.1245;1264.2919;2129.3354;1352.2941;2671.3533;1915.1556;888.8706;947.4079;996.44806;1002.43744;1206.8805;1111.0531;889.1352;1133.6959
867.371201;465.03308;543.5449;501.351;482.90634;575.6608;388.7234;611.05676;619.1671;480.69418;0;0;0;0;0;0;0;0;0;0;0;0;0;0;0;0;0;1742.3303;2241.4775;1542.4354;1885.2028;1384.7194;1089.3167;1131.9387;1181.9955;1099.891;1428.1042;1133.1923;1294.4075;1833.8253;1457.692;1941.0278;1673.301;1120.6172;1066.9187;1153.3041;1241.8743;1195.1237;1227.695;1141.9084;1215.3953
903.3768749;0;0;0;0;0;0;0;0;0;364.13116;64.700966;15.725078;62.633324;51.12958;62.10069;89.55478;30.824667;37.79048;51.830185;24.677986;39.788197;21.915745;26.224216;28.529743;39.044434;34.060165;0;0;0;0;0;0;0;0;0;0;0;0;0;0;0;0;0;0;0;0;0;0;0;0
939.5784562;0;0;0;0;0;0;0;0;0;0;0;0;0;0;0;0;0;0;0;0;0;0;0;0;0;0;618.1126;638.23773;140.9205;838.27313;0;0;0;86.63787;0;0;0;150.73193;40.81358;32.13916;80.04933;27.479836;0;0;0;0;0;19.699776;0;182.7555
